Workbook

Sheet Entrega
N1: A | O1: B | S1: Sergio
A2: Colegio | B2: rbd | C2: section_ | D2: Region | E2: Encuestador | F2: Fecha Entrega Focus | G2: Curso | H2: Letra | I2: Archivos Digitales | J2: total | K2: digitalizadas | L2: diferencia | M2: obs dif | N2: Forma A | O2: Forma B | P2: Estado | Q2: Diferencias | R2: Digitadas BD | S2: Forma A 2 | T2: Forma B 2 | U2: Blanco | V2: Digitalizada
A3: Colegio San Martín | B3: =vlookup(A3,rbds!A:B,2) -> 2220 | C3: =B3&"-"&G3&"-"&H3 -> 2220-7-a | D3: Ohiggins | E3: Paola | F3: 45849 | G3: 7 | H3: a | I3: 29 | J3: =N3+O3 -> 29 | K3: =VLOOKUP(C3,'6_7_count'!F:G,2) -> 29 | L3: =J3-K3 -> 0 | N3: 13 | O3: 16 | S3: 13 | T3: 16 | U3: 2 ausentes 4 retirados | V3: 1 | AC3: =SEARCHB(C3,'4_5_count'!F:G,1) -> #VALUE!
A4: Colegio San Martín | B4: =vlookup(A4,rbds!A:B,2) -> 2220 | C4: =B4&"-"&G4&"-"&H4 -> 2220-6-a | D4: Ohiggins | E4: Paola | F4: 45849 | G4: 6 | H4: a | I4: 28 | J4: =N4+O4 -> 28 | K4: =VLOOKUP(C4,'6_7_count'!F:G,2) -> 28 | L4: =J4-K4 -> 0 | N4: 9 | O4: 19 | S4: 9 | T4: 19 | U4: 2 ausentes 3 retirados | V4: 1
A5: Colegio San Martín | B5: =vlookup(A5,rbds!A:B,2) -> 2220 | C5: =B5&"-"&G5&"-"&H5 -> 2220-5-a | D5: Ohiggins | E5: Paola | F5: 45849 | G5: 5 | H5: a | I5: 38 | J5: =N5+O5 -> 38 | K5: =VLOOKUP(C5,'4_5_count'!F:G,2) -> 38 | L5: =J5-K5 -> 0 | N5: 19 | O5: 19 | S5: 19 | T5: 19 | U5: 1 ausente | V5: 1
A6: Colegio San Martín | B6: =vlookup(A6,rbds!A:B,2) -> 2220 | C6: =B6&"-"&G6&"-"&H6 -> 2220-4-a | D6: Ohiggins | E6: Paola | F6: 45849 | G6: 4 | H6: a | I6: 35 | J6: =N6+O6 -> 35 | K6: =VLOOKUP(C6,'4_5_count'!F:G,2) -> 35 | L6: =J6-K6 -> 0 | N6: 17 | O6: 18 | S6: 17 | T6: 18 | U6: 3 ausentes 3 retirados | V6: 1
A7: Esc. Adriana Aranguiz Cerda | B7: =vlookup(A7,rbds!A:B,2) -> 11248 | C7: =B7&"-"&G7&"-"&H7 -> 11248-4-a | D7: Ohiggins | E7: Paola | F7: 45849 | G7: 4 | H7: a | I7: 24 | J7: =N7+O7 -> 24 | K7: =VLOOKUP(C7,'4_5_count'!F:G,2) -> 24 | L7: =J7-K7 -> 0 | N7: 10 | O7: 14 | S7: 10 | T7: 14 | U7: 1 retirado
A8: Esc. Adriana Aranguiz Cerda | B8: =vlookup(A8,rbds!A:B,2) -> 11248 | C8: =B8&"-"&G8&"-"&H8 -> 11248-5-a | D8: Ohiggins | E8: Paola | F8: 45849 | G8: 5 | H8: a | I8: 21 | J8: =N8+O8 -> 21 | K8: =VLOOKUP(C8,'4_5_count'!F:G,2) -> 21 | L8: =J8-K8 -> 0 | N8: 8 | O8: 13 | S8: 8 | T8: 13 | U8: 3 ausentes 1 retirado
A9: Esc. Adriana Aranguiz Cerda | B9: =vlookup(A9,rbds!A:B,2) -> 11248 | C9: =B9&"-"&G9&"-"&H9 -> 11248-6-a | D9: Ohiggins | E9: Paola | F9: 45849 | G9: 6 | H9: a | I9: 18 | J9: =N9+O9 -> 18 | K9: =VLOOKUP(C9,'6_7_count'!F:G,2) -> 18 | L9: =J9-K9 -> 0 | N9: 8 | O9: 10 | S9: 8 | T9: 10 | U9: 4 ausentes
A10: Esc. Adriana Aranguiz Cerda | B10: =vlookup(A10,rbds!A:B,2) -> 11248 | C10: =B10&"-"&G10&"-"&H10 -> 11248-7-a | D10: Ohiggins | E10: Paola | F10: 45849 | G10: 7 | H10: a | I10: 35 | J10: =N10+O10 -> 35 | K10: =VLOOKUP(C10,'6_7_count'!F:G,2) -> 35 | L10: =J10-K10 -> 0 | N10: 18 | O10: 17 | S10: 18 | T10: 17 | U10: 1 retirado
A11: Colegio Particular Whipple School | B11: =vlookup(A11,rbds!A:B,2) -> 2155 | C11: =B11&"-"&G11&"-"&H11 -> 2155-7-a | D11: Ohiggins | E11: Paola | F11: 45849 | G11: 7 | H11: a | I11: 22 | J11: =N11+O11 -> 22 | K11: =VLOOKUP(C11,'6_7_count'!F:G,2) -> 22 | L11: =J11-K11 -> 0 | N11: 9 | O11: 13 | S11: 9 | T11: 13 | U11: 3 ausentes | V11: 1
A12: Colegio Particular Whipple School | B12: =vlookup(A12,rbds!A:B,2) -> 2155 | C12: =B12&"-"&G12&"-"&H12 -> 2155-7-b | D12: Ohiggins | E12: Paola | F12: 45849 | G12: 7 | H12: b | I12: 25 | J12: =N12+O12 -> 26 | K12: =VLOOKUP(C12,'6_7_count'!F:G,2) -> 24 | L12: =J12-K12 -> 2 | M12: venía 2 menos | N12: 13 | O12: 13 | S12: 13 | T12: 13 | U12: 1 ausente | V12: 1
A13: Colegio Particular Whipple School | B13: =vlookup(A13,rbds!A:B,2) -> 2155 | C13: =B13&"-"&G13&"-"&H13 -> 2155-6-a | D13: Ohiggins | E13: Paola | F13: 45849 | G13: 6 | H13: a | I13: 24 | J13: =N13+O13 -> 24 | K13: =VLOOKUP(C13,'6_7_count'!F:G,2) -> 24 | L13: =J13-K13 -> 0 | N13: 13 | O13: 11 | S13: 13 | T13: 11 | U13: 2 ausentes 1 retirado | V13: 1
A14: Colegio Particular Whipple School | B14: =vlookup(A14,rbds!A:B,2) -> 2155 | C14: =B14&"-"&G14&"-"&H14 -> 2155-6-b | D14: Ohiggins | E14: Paola | F14: 45849 | G14: 6 | H14: b | I14: 20 | J14: =N14+O14 -> 20 | K14: =VLOOKUP(C14,'6_7_count'!F:G,2) -> 20 | L14: =J14-K14 -> 0 | N14: 9 | O14: 11 | S14: 9 | T14: 11 | U14: 1 ausente 2 retirados | V14: 1
A15: Colegio Particular Whipple School | B15: =vlookup(A15,rbds!A:B,2) -> 2155 | C15: =B15&"-"&G15&"-"&H15 -> 2155-5-a | D15: Ohiggins | E15: Paola | F15: 45849 | G15: 5 | H15: a | I15: 40 | J15: =N15+O15 -> 40 | K15: =VLOOKUP(C15,'4_5_count'!F:G,2) -> 39 | L15: =I15-K15 -> 1 | M15: venían 1 menos | N15: 26 | O15: 14 | S15: 25 | T15: 14 | U15: 1 ausente 4 retirados 1 blanco | V15: 1
A16: Colegio Particular Whipple School | B16: =vlookup(A16,rbds!A:B,2) -> 2155 | C16: =B16&"-"&G16&"-"&H16 -> 2155-4-a | D16: Ohiggins | E16: Paola | F16: 45849 | G16: 4 | H16: a | I16: 35 | J16: =N16+O16 -> 35 | K16: =VLOOKUP(C16,'4_5_count'!F:G,2) -> 35 | L16: =J16-K16 -> 0 | N16: 18 | O16: 17 | S16: 18 | T16: 17 | U16: 4 ausentes 1 retirado | V16: 1
A17: Colegio Whipple School Oriente | B17: =vlookup(A17,rbds!A:B,2) -> 40038 | C17: =B17&"-"&G17&"-"&H17 -> 40038-4-a | D17: Ohiggins | E17: Jaime | F17: 45849 | G17: 4 | H17: a | I17: 25 | J17: =N17+O17 -> 25 | K17: =VLOOKUP(C17,'4_5_count'!F:G,2) -> 25 | L17: =J17-K17 -> 0 | N17: 12 | O17: 13 | S17: 12 | T17: 13 | U17: 1 retirado | V17: 1
A18: Colegio Whipple School Oriente | B18: =vlookup(A18,rbds!A:B,2) -> 40038 | C18: =B18&"-"&G18&"-"&H18 -> 40038-7-b | D18: Ohiggins | E18: Jaime | F18: 45849 | G18: 7 | H18: b | I18: 21 | J18: =N18+O18 -> 21 | K18: =VLOOKUP(C18,'6_7_count'!F:G,2) -> 21 | L18: =J18-K18 -> 0 | N18: 12 | O18: 9 | S18: 12 | T18: 9 | U18: 2 ausentes | V18: 1
A19: Colegio Whipple School Oriente | B19: =vlookup(A19,rbds!A:B,2) -> 40038 | C19: =B19&"-"&G19&"-"&H19 -> 40038-4-b | D19: Ohiggins | E19: Jaime | F19: 45849 | G19: 4 | H19: b | I19: 26 | J19: =N19+O19 -> 26 | K19: =VLOOKUP(C19,'4_5_count'!F:G,2) -> 26 | L19: =J19-K19 -> 0 | N19: 13 | O19: 13 | S19: 13 | T19: 13 | U19: 2 ausentes | V19: 1
A20: Colegio Whipple School Oriente | B20: =vlookup(A20,rbds!A:B,2) -> 40038 | C20: =B20&"-"&G20&"-"&H20 -> 40038-6-a | D20: Ohiggins | E20: Jaime | F20: 45849 | G20: 6 | H20: a | I20: 21 | J20: =N20+O20 -> 21 | K20: =VLOOKUP(C20,'6_7_count'!F:G,2) -> 21 | L20: =J20-K20 -> 0 | N20: 11 | O20: 10 | S20: 11 | T20: 10 | U20: 8 blancos | V20: 1
A21: Colegio Whipple School Oriente | B21: =vlookup(A21,rbds!A:B,2) -> 40038 | C21: =B21&"-"&G21&"-"&H21 -> 40038-5-b | D21: Ohiggins | E21: Jaime | F21: 45849 | G21: 5 | H21: b | I21: 26 | J21: =N21+O21 -> 26 | K21: =VLOOKUP(C21,'4_5_count'!F:G,2) -> 26 | L21: =J21-K21 -> 0 | N21: 17 | O21: 9 | S21: 17 | T21: 9 | U21: 1 ausente | V21: 1
A22: Colegio Whipple School Oriente | B22: =vlookup(A22,rbds!A:B,2) -> 40038 | C22: =B22&"-"&G22&"-"&H22 -> 40038-5-a | D22: Ohiggins | E22: Jaime | F22: 45849 | G22: 5 | H22: a | I22: 23 | J22: =N22+O22 -> 23 | K22: =VLOOKUP(C22,'4_5_count'!F:G,2) -> 23 | L22: =J22-K22 -> 0 | N22: 13 | O22: 10 | S22: 13 | T22: 10 | U22: 3 retirados | V22: 1
A23: Colegio Whipple School Oriente | B23: =vlookup(A23,rbds!A:B,2) -> 40038 | C23: =B23&"-"&G23&"-"&H23 -> 40038-7-a | D23: Ohiggins | E23: Jaime | F23: 45849 | G23: 7 | H23: a | I23: 18 | J23: =N23+O23 -> 18 | K23: =VLOOKUP(C23,'6_7_count'!F:G,2) -> 18 | L23: =J23-K23 -> 0 | N23: 8 | O23: 10 | S23: 8 | T23: 10 | U23: 3 blancos | V23: 1
A24: Colegio San Manuel | B24: =vlookup(A24,rbds!A:B,2) -> 24675 | C24: =B24&"-"&G24&"-"&H24 -> 24675-7-a | D24: RM | E24: Jesús | F24: 45849 | G24: 7 | H24: a | I24: 34 | J24: =N24+O24 -> 35 | K24: =VLOOKUP(C24,'6_7_count'!F:G,2) -> 34 | L24: =J24-K24 -> 1 | M24: venía 1 menos | N24: 17 | O24: 18 | S24: 16 | T24: 18 | U24: 2 blancos 1 ausente | V24: 1
A25: Colegio San Manuel | B25: =vlookup(A25,rbds!A:B,2) -> 24675 | C25: =B25&"-"&G25&"-"&H25 -> 24675-6-a | D25: RM | E25: Jesús | F25: 45849 | G25: 6 | H25: a | I25: 36 | J25: =N25+O25 -> 36 | K25: =VLOOKUP(C25,'6_7_count'!F:G,2) -> 36 | L25: =J25-K25 -> 0 | N25: 17 | O25: 19 | S25: 17 | T25: 19 | U25: 1 ausente | V25: 1
A26: Colegio San Manuel | B26: =vlookup(A26,rbds!A:B,2) -> 24675 | C26: =B26&"-"&G26&"-"&H26 -> 24675-5-a | D26: RM | E26: Jesús | F26: 45849 | G26: 5 | H26: a | I26: 35 | J26: =N26+O26 -> 34 | K26: =VLOOKUP(C26,'4_5_count'!F:G,2) -> 35 | L26: =J26-K26 -> -1 | M26: venía 1 más | N26: 17 | O26: 17 | S26: 17 | T26: 17 | U26: 3 ausentes 1 blanco | V26: 1
A27: Colegio San Manuel | B27: =vlookup(A27,rbds!A:B,2) -> 24675 | C27: =B27&"-"&G27&"-"&H27 -> 24675-4-a | D27: RM | E27: Jesús | F27: 45849 | G27: 4 | H27: a | I27: 35 | J27: =N27+O27 -> 35 | K27: =VLOOKUP(C27,'4_5_count'!F:G,2) -> 35 | L27: =J27-K27 -> 0 | N27: 18 | O27: 17 | S27: 18 | T27: 17 | U27: 2 ausentes | V27: 1
A28: Escuela Básica g-n° 737 Santa Emilia | B28: =vlookup(A28,rbds!A:B,2) -> 10840 | C28: =B28&"-"&G28&"-"&H28 -> 10840-6-a | D28: RM | E28: Antonia | F28: 45849 | G28: 6 | H28: a | I28: 17 | J28: =N28+O28 -> 17 | K28: 17 | L28: =J28-K28 -> 0 | N28: 11 | O28: 6 | S28: 11 | T28: 6 | U28: 3 ausentes
A29: Escuela Básica g-n° 737 Santa Emilia | B29: =vlookup(A29,rbds!A:B,2) -> 10840 | C29: =B29&"-"&G29&"-"&H29 -> 10840-5-a | D29: RM | E29: Antonia | F29: 45849 | G29: 5 | H29: a | I29: 23 | J29: =N29+O29 -> 23 | K29: =VLOOKUP(C29,'4_5_count'!F:G,2) -> 23 | L29: =J29-K29 -> 0 | N29: 13 | O29: 10 | S29: 14 | T29: 9 | U29: 3 ausentes 1 retirado
A30: Escuela Básica g-n° 737 Santa Emilia | B30: =vlookup(A30,rbds!A:B,2) -> 10840 | C30: =B30&"-"&G30&"-"&H30 -> 10840-4-a | D30: RM | E30: Magdalena | F30: 45849 | G30: 4 | H30: a | I30: 28 | J30: =N30+O30 -> 29 | K30: =VLOOKUP(C30,'4_5_count'!F:G,2) -> 28 | L30: =J30-K30 -> 1 | M30: venía 1 menos | N30: 14 | O30: 15 | S30: 13 | T30: 15 | U30: 1 blanco 4 ausentes
A31: Escuela Básica g-n° 737 Santa Emilia | B31: =vlookup(A31,rbds!A:B,2) -> 10840 | C31: =B31&"-"&G31&"-"&H31 -> 10840-7-a | D31: RM | E31: Magdalena | F31: 45849 | G31: 7 | H31: a | I31: 27 | J31: =N31+O31 -> 27 | K31: 27 | L31: =J31-K31 -> 0 | N31: 11 | O31: 16 | S31: 11 | T31: 16 | U31: 4 retirados 5 ausentes
A32: Escuela Básica Particular Paicaví de Lampa | B32: =vlookup(A32,rbds!A:B,2) -> 26235 | C32: =B32&"-"&G32&"-"&H32 -> 26235-7-a | D32: RM | E32: Mónica | F32: 45849 | G32: 7 | H32: a | I32: 22 | J32: =N32+O32 -> 23 | K32: =VLOOKUP(C32,'6_7_count'!F:G,2) -> 22 | L32: =J32-K32 -> 1 | M32: venía 1 menos | N32: 13 | O32: 10 | S32: 13 | T32: 9 | U32: 1 retirado 5 ausentes 1 blanco
A33: Escuela Básica Particular Paicaví de Lampa | B33: =vlookup(A33,rbds!A:B,2) -> 26235 | C33: =B33&"-"&G33&"-"&H33 -> 26235-6-a | D33: RM | E33: Magdalena | F33: 45849 | G33: 6 | H33: a | I33: 21 | J33: =N33+O33 -> 21 | K33: =VLOOKUP(C33,'6_7_count'!F:G,2) -> 21 | L33: =J33-K33 -> 0 | N33: 13 | O33: 8 | S33: 13 | T33: 8
A34: Escuela Básica Particular Paicaví de Lampa | B34: =vlookup(A34,rbds!A:B,2) -> 26235 | C34: =B34&"-"&G34&"-"&H34 -> 26235-5-a | D34: RM | E34: Mónica | F34: 45849 | G34: 5 | H34: a | I34: 30 | J34: =N34+O34 -> 30 | K34: =VLOOKUP(C34,'4_5_count'!F:G,2) -> 30 | L34: =J34-K34 -> 0 | N34: 15 | O34: 15 | S34: 16 | T34: 14 | U34: 2 ausentes
A35: Escuela Básica Particular Paicaví de Lampa | B35: =vlookup(A35,rbds!A:B,2) -> 26235 | C35: =B35&"-"&G35&"-"&H35 -> 26235-4-a | D35: RM | E35: Magdalena | F35: 45849 | G35: 4 | H35: a | I35: 30 | J35: =N35+O35 -> 29 | K35: =VLOOKUP(C35,'4_5_count'!F:G,2) -> 29 | L35: =J35-K35 -> 0 | N35: 16 | O35: 13 | S35: 16 | T35: 13
A36: Escuela Premio Nobel Pablo Neruda | B36: =vlookup(A36,rbds!A:B,2) -> 10403 | C36: =B36&"-"&G36&"-"&H36 -> 10403-7-a | D36: RM | E36: Antonia | F36: 45849 | G36: 7 | H36: a | I36: 31 | J36: =N36+O36 -> 33 | K36: =VLOOKUP(C36,'6_7_count'!F:G,2) -> 30 | L36: =J36-K36 -> 3 | M36: venía 2 menos | N36: 23 | O36: 10 | S36: 21 | T36: 10 | U36: 3 blanco | V36: 1
A37: Escuela Premio Nobel Pablo Neruda | B37: =vlookup(A37,rbds!A:B,2) -> 10403 | C37: =B37&"-"&G37&"-"&H37 -> 10403-6-a | D37: RM | E37: Jesús | F37: 45849 | G37: 6 | H37: a | I37: 31 | J37: =N37+O37 -> 31 | K37: =VLOOKUP(C37,'6_7_count'!F:G,2) -> 31 | L37: =J37-K37 -> 0 | N37: 19 | O37: 12 | S37: 19 | T37: 12 | U37: 7 ausentes | V37: 1
A38: Escuela Premio Nobel Pablo Neruda | B38: =vlookup(A38,rbds!A:B,2) -> 10403 | C38: =B38&"-"&G38&"-"&H38 -> 10403-6-b | D38: RM | E38: Jesús | F38: 45849 | G38: 6 | H38: b | I38: 33 | J38: =N38+O38 -> 33 | K38: =VLOOKUP(C38,'6_7_count'!F:G,2) -> 33 | L38: =J38-K38 -> 0 | N38: 22 | O38: 11 | S38: 22 | T38: 11 | U38: 2 ausentes | V38: 1
A39: Escuela Premio Nobel Pablo Neruda | B39: =vlookup(A39,rbds!A:B,2) -> 10403 | C39: =B39&"-"&G39&"-"&H39 -> 10403-4-b | D39: RM | E39: Antonia | F39: 45849 | G39: 4 | H39: b | I39: 36 | J39: =N39+O39 -> 37 | K39: =VLOOKUP(C39,'4_5_count'!F:G,2) -> 36 | L39: =J39-K39 -> 1 | M39: venía 1 menos | N39: 21 | O39: 16 | S39: 21 | T39: 15 | U39: 1 ausente | V39: 1
A40: Escuela Premio Nobel Pablo Neruda | B40: =vlookup(A40,rbds!A:B,2) -> 10403 | C40: =B40&"-"&G40&"-"&H40 -> 10403-4-a | D40: RM | E40: Antonia | F40: 45849 | G40: 4 | H40: a | I40: 30 | J40: =N40+O40 -> 30 | K40: =VLOOKUP(C40,'4_5_count'!F:G,2) -> 30 | L40: =J40-K40 -> 0 | N40: 14 | O40: 16 | S40: 14 | T40: 16 | U40: 6 ausentes 1 blanco | V40: 1
A41: Escuela Premio Nobel Pablo Neruda | B41: =vlookup(A41,rbds!A:B,2) -> 10403 | C41: =B41&"-"&G41&"-"&H41 -> 10403-5-b | D41: RM | E41: Jesús | F41: 45849 | G41: 5 | H41: b | I41: 27 | J41: =N41+O41 -> 27 | K41: =VLOOKUP(C41,'4_5_count'!F:G,2) -> 27 | L41: =J41-K41 -> 0 | N41: 18 | O41: 9 | S41: 18 | T41: 9 | U41: 7 ausentes 2 retirados | V41: 1
A42: Escuela Premio Nobel Pablo Neruda | B42: =vlookup(A42,rbds!A:B,2) -> 10403 | C42: =B42&"-"&G42&"-"&H42 -> 10403-7-b | D42: RM | E42: Magdalena | F42: 45849 | G42: 7 | H42: b | I42: 24 | J42: =N42+O42 -> 24 | K42: 24 | L42: =J42-K42 -> 0 | N42: 11 | O42: 13 | S42: 11 | T42: 13 | U42: 6 ausentes 1 blanco | V42: 1
A43: Escuela Premio Nobel Pablo Neruda | B43: =vlookup(A43,rbds!A:B,2) -> 10403 | C43: =B43&"-"&G43&"-"&H43 -> 10403-6-c | D43: RM | E43: Magdalena | F43: 45849 | G43: 6 | H43: c | I43: 20 | J43: =N43+O43 -> 22 | K43: =VLOOKUP(C43,'6_7_count'!F:G,2) -> 16 | L43: =J43-K43 -> 6 | M43: venía 2 menos | N43: 10 | O43: 12 | S43: 8 | T43: 12 | U43: 3 ausentes 1 retirado 12 blancos | V43: 1
A44: Escuela Premio Nobel Pablo Neruda | B44: =vlookup(A44,rbds!A:B,2) -> 10403 | C44: =B44&"-"&G44&"-"&H44 -> 10403-5-a | D44: RM | E44: Magdalena | F44: 45849 | G44: 5 | H44: a | I44: 30 | J44: =N44+O44 -> 29 | K44: =VLOOKUP(C44,'4_5_count'!F:G,2) -> 29 | L44: =J44-K44 -> 0 | N44: 16 | O44: 13 | S44: 16 | T44: 13 | U44: 5 ausentes 2 retirados | V44: 1
A45: ESCUELA BASICA F-N°738 LOS RULOS | B45: =vlookup(A45,rbds!A:B,2) -> 10837 | C45: =B45&"-"&G45&"-"&H45 -> 10837-7-a | D45: RM | E45: Mónica | F45: 45849 | G45: 7 | H45: a | I45: 27 | J45: =N45+O45 -> 27 | K45: =VLOOKUP(C45,'6_7_count'!F:G,2) -> 27 | L45: =J45-K45 -> 0 | N45: 16 | O45: 11 | S45: 16 | T45: 11 | U45: 5 ausentes 1 blanco
A46: ESCUELA BASICA F-N°738 LOS RULOS | B46: =vlookup(A46,rbds!A:B,2) -> 10837 | C46: =B46&"-"&G46&"-"&H46 -> 10837-6-a | D46: RM | E46: Mónica | F46: 45849 | G46: 6 | H46: a | I46: 29 | J46: =N46+O46 -> 29 | K46: =VLOOKUP(C46,'6_7_count'!F:G,2) -> 29 | L46: =J46-K46 -> 0 | N46: 19 | O46: 10 | S46: 19 | T46: 10 | U46: 2 ausentes
A47: ESCUELA BASICA F-N°738 LOS RULOS | B47: =vlookup(A47,rbds!A:B,2) -> 10837 | C47: =B47&"-"&G47&"-"&H47 -> 10837-4-a | D47: RM | E47: Magdalena | F47: 45849 | G47: 4 | H47: a | I47: 32 | J47: =N47+O47 -> 32 | K47: =VLOOKUP(C47,'4_5_count'!F:G,2) -> 32 | L47: =J47-K47 -> 0 | N47: 9 | O47: 23 | S47: 9 | T47: 23 | U47: 3 ausentes
A48: ESCUELA BASICA F-N°738 LOS RULOS | B48: =vlookup(A48,rbds!A:B,2) -> 10837 | C48: =B48&"-"&G48&"-"&H48 -> 10837-5-a | D48: RM | E48: Magdalena | F48: 45849 | G48: 5 | H48: a | I48: 21 | J48: =N48+O48 -> 21 | K48: =VLOOKUP(C48,'4_5_count'!F:G,2) -> 21 | L48: =J48-K48 -> 0 | N48: 11 | O48: 10 | S48: 11 | T48: 10 | U48: 9 ausentes
A49: Liceo Municipal f-n° 860 | B49: =vlookup(A49,rbds!A:B,2) -> 10835 | C49: =B49&"-"&G49&"-"&H49 -> 10835-7-a | D49: RM | E49: Magdalena | F49: 45849 | G49: 7 | H49: a | I49: 24 | J49: =N49+O49 -> 24 | K49: 24 | L49: =J49-K49 -> 0 | N49: 14 | O49: 10 | S49: 14 | T49: 10 | U49: 3 ausentes 1 retirado
A50: Liceo Municipal f-n° 860 | B50: =vlookup(A50,rbds!A:B,2) -> 10835 | C50: =B50&"-"&G50&"-"&H50 -> 10835-6-a | D50: RM | E50: Esteban | F50: 45849 | G50: 6 | H50: a | I50: 34 | J50: =N50+O50 -> 33 | K50: 34 | L50: =J50-K50 -> -1 | M50: venía 1 más | N50: 18 | O50: 15 | S50: 19 | T50: 15
A51: Liceo Municipal f-n° 860 | B51: =vlookup(A51,rbds!A:B,2) -> 10835 | C51: =B51&"-"&G51&"-"&H51 -> 10835-5-a | D51: RM | E51: Esteban | F51: 45849 | G51: 5 | H51: a | I51: 32 | J51: =N51+O51 -> 32 | K51: 32 | L51: =J51-K51 -> 0 | N51: 13 | O51: 19 | S51: 13 | T51: 19
A52: Liceo Municipal f-n° 860 | B52: =vlookup(A52,rbds!A:B,2) -> 10835 | C52: =B52&"-"&G52&"-"&H52 -> 10835-4-a | D52: RM | E52: Magdalena | F52: 45849 | G52: 4 | H52: a | I52: 34 | J52: =N52+O52 -> 34 | K52: 34 | L52: =J52-K52 -> 0 | N52: 18 | O52: 16 | S52: 18 | T52: 16 | U52: 4 ausentes
A53: Escuela Básica San Vicente de lo Arcaya | B53: =vlookup(A53,rbds!A:B,2) -> 10410 | C53: =B53&"-"&G53&"-"&H53 -> 10410-5-a | D53: RM | E53: Magdalena | F53: 45849 | G53: 5 | H53: a | I53: 35 | J53: =N53+O53 -> 35 | K53: =VLOOKUP(C53,'4_5_count'!F:G,2) -> 35 | L53: =J53-K53 -> 0 | N53: 19 | O53: 16 | S53: 19 | T53: 16 | U53: 4 ausentes 1 retirado
A54: Escuela Básica San Vicente de lo Arcaya | B54: =vlookup(A54,rbds!A:B,2) -> 10410 | C54: =B54&"-"&G54&"-"&H54 -> 10410-7-a | D54: RM | E54: Magdalena | F54: 45849 | G54: 7 | H54: a | I54: 18 | J54: =N54+O54 -> 18 | K54: =VLOOKUP(C54,'6_7_count'!F:G,2) -> 16 | L54: =J54-K54 -> 2 | M54: venían 2 menos | N54: 10 | O54: 8 | S54: 10 | T54: 8 | U54: 4 ausentes
A55: Escuela Básica San Vicente de lo Arcaya | B55: =vlookup(A55,rbds!A:B,2) -> 10410 | C55: =B55&"-"&G55&"-"&H55 -> 10410-4-a | D55: RM | E55: Mónica | F55: 45849 | G55: 4 | H55: a | I55: 29 | J55: =N55+O55 -> 29 | K55: =VLOOKUP(C55,'4_5_count'!F:G,2) -> 29 | L55: =J55-K55 -> 0 | N55: 17 | O55: 12 | S55: 17 | T55: 12 | U55: 10 ausentes
A56: Escuela Básica San Vicente de lo Arcaya | B56: =vlookup(A56,rbds!A:B,2) -> 10410 | C56: =B56&"-"&G56&"-"&H56 -> 10410-6-a | D56: RM | E56: Mónica | F56: 45849 | G56: 6 | H56: a | I56: 40 | J56: =N56+O56 -> 39 | K56: =VLOOKUP(C56,'6_7_count'!F:G,2) -> 40 | L56: =J56-K56 -> -1 | M56: venía 1 más | N56: 16 | O56: 23 | S56: 17 | T56: 23
A57: Colegio Alto del Maipo | B57: =vlookup(A57,rbds!A:B,2) -> 31253 | C57: =B57&"-"&G57&"-"&H57 -> 31253-4-a | D57: RM | E57: Mónica | F57: 45849 | G57: 4 | H57: a | I57: 37 | J57: =N57+O57 -> 37 | K57: =VLOOKUP(C57,'4_5_count'!F:G,2) -> 38 | L57: =J57-K57 -> -1 | N57: 18 | O57: 19 | S57: 18 | T57: 19 | U57: 5 ausentes 1 retirado | V57: 1
A58: Colegio Alto del Maipo | B58: =vlookup(A58,rbds!A:B,2) -> 31253 | C58: =B58&"-"&G58&"-"&H58 -> 31253-7-a | D58: RM | E58: Mónica | F58: 45849 | G58: 7 | H58: a | I58: 39 | J58: =N58+O58 -> 39 | K58: =VLOOKUP(C58,'6_7_count'!F:G,2) -> 39 | L58: =J58-K58 -> 0 | N58: 18 | O58: 21 | S58: 18 | T58: 21 | U58: 2 ausentes 2 retirados | V58: 1
A59: Colegio Alto del Maipo | B59: =vlookup(A59,rbds!A:B,2) -> 31253 | C59: =B59&"-"&G59&"-"&H59 -> 31253-6-a | D59: RM | E59: Mónica | F59: 45849 | G59: 6 | H59: a | I59: 31 | J59: =N59+O59 -> 31 | K59: =VLOOKUP(C59,'6_7_count'!F:G,2) -> 31 | L59: =J59-K59 -> 0 | N59: 18 | O59: 13 | S59: 18 | T59: 13 | U59: 4 retirados 8 ausentes | V59: 1
A60: Colegio Alto del Maipo | B60: =vlookup(A60,rbds!A:B,2) -> 31253 | C60: =B60&"-"&G60&"-"&H60 -> 31253-5-a | D60: RM | E60: Mónica | F60: 45849 | G60: 5 | H60: a | I60: 35 | J60: =N60+O60 -> 35 | K60: =VLOOKUP(C60,'4_5_count'!F:G,2) -> 33 | L60: =J60-K60 -> 2 | M60: venía una de 4a dentro | N60: 17 | O60: 18 | S60: 17 | T60: 18 | U60: 5 ausentes 2 retirados | V60: 1
A61: Escuela Básica Marcos Gooycolea Cortés | B61: =vlookup(A61,rbds!A:B,2) -> 10400 | C61: =B61&"-"&G61&"-"&H61 -> 10400-5-b | D61: RM | E61: Jesús | F61: 45849 | G61: 5 | H61: b | I61: 33 | J61: =N61+O61 -> 33 | K61: =VLOOKUP(C61,'4_5_count'!F:G,2) -> 33 | L61: =J61-K61 -> 0 | N61: 18 | O61: 15 | S61: 18 | T61: 15 | U61: 4 ausentes 1 retirado
A62: Escuela Básica Marcos Gooycolea Cortés | B62: =vlookup(A62,rbds!A:B,2) -> 10400 | C62: =B62&"-"&G62&"-"&H62 -> 10400-6-a | D62: RM | E62: Jesús | F62: 45849 | G62: 6 | H62: a | I62: 28 | J62: =N62+O62 -> 28 | K62: =VLOOKUP(C62,'6_7_count'!F:G,2) -> 28 | L62: =J62-K62 -> 0 | N62: 19 | O62: 9 | S62: 19 | T62: 9 | U62: 8 ausentes 1 reitado
A63: Escuela Básica Marcos Gooycolea Cortés | B63: =vlookup(A63,rbds!A:B,2) -> 10400 | C63: =B63&"-"&G63&"-"&H63 -> 10400-7-b | D63: RM | E63: Mónica | F63: 45849 | G63: 7 | H63: b | I63: 27 | J63: =N63+O63 -> 27 | K63: =VLOOKUP(C63,'6_7_count'!F:G,2) -> 26 | L63: =J63-K63 -> 1 | M63: venían 1 menos | N63: 11 | O63: 16 | S63: 11 | T63: 16 | U63: 7 ausentes 2 retirados
A64: Escuela Básica Marcos Gooycolea Cortés | B64: =vlookup(A64,rbds!A:B,2) -> 10400 | C64: =B64&"-"&G64&"-"&H64 -> 10400-6-b | D64: RM | E64: Jesús | F64: 45849 | G64: 6 | H64: b | I64: 26 | J64: =N64+O64 -> 26 | K64: =VLOOKUP(C64,'6_7_count'!F:G,2) -> 26 | L64: =J64-K64 -> 0 | N64: 8 | O64: 18 | S64: 8 | T64: 18 | U64: 8 ausentes 2 retirados
A65: Escuela Básica Marcos Gooycolea Cortés | B65: =vlookup(A65,rbds!A:B,2) -> 10400 | C65: =B65&"-"&G65&"-"&H65 -> 10400-5-a | D65: RM | E65: Mónica | F65: 45849 | G65: 5 | H65: a | I65: 27 | J65: =N65+O65 -> 27 | K65: =VLOOKUP(C65,'4_5_count'!F:G,2) -> 27 | L65: =J65-K65 -> 0 | N65: 11 | O65: 16 | S65: 11 | T65: 16 | U65: 5 ausentes 2 retirados
A66: Escuela Básica Marcos Gooycolea Cortés | B66: =vlookup(A66,rbds!A:B,2) -> 10400 | C66: =B66&"-"&G66&"-"&H66 -> 10400-4-b | D66: RM | E66: Jesús | F66: 45849 | G66: 4 | H66: b | I66: 32 | J66: =N66+O66 -> 32 | K66: =VLOOKUP(C66,'4_5_count'!F:G,2) -> 32 | L66: =J66-K66 -> 0 | N66: 18 | O66: 14 | S66: 18 | T66: 14 | U66: 6 ausentes
A67: Escuela Básica Marcos Gooycolea Cortés | B67: =vlookup(A67,rbds!A:B,2) -> 10400 | C67: =B67&"-"&G67&"-"&H67 -> 10400-4-a | D67: RM | E67: Mónica | F67: 45849 | G67: 4 | H67: a | I67: 33 | J67: =N67+O67 -> 33 | K67: =VLOOKUP(C67,'4_5_count'!F:G,2) -> 33 | L67: =J67-K67 -> 0 | N67: 20 | O67: 13 | S67: 20 | T67: 13 | U67: 1 retitado 2 ausentes
A68: Escuela Básica f-n°372 Santa Sara | B68: 10427 | C68: =B68&"-"&G68&"-"&H68 -> 10427-4-a | D68: RM | E68: Magdalena | F68: 45849 | G68: 4 | H68: a | I68: 29 | J68: =N68+O68 -> 29 | K68: =VLOOKUP(C68,'4_5_count'!F:G,2) -> 29 | L68: =J68-K68 -> 0 | N68: 16 | O68: 13 | S68: 16 | T68: 13 | U68: 3 ausentes
A69: Escuela Básica f-n°372 Santa Sara | B69: 10427 | C69: =B69&"-"&G69&"-"&H69 -> 10427-5-a | D69: RM | E69: Mónica | F69: 45849 | G69: 5 | H69: a | I69: 29 | J69: =N69+O69 -> 29 | K69: =VLOOKUP(C69,'4_5_count'!F:G,2) -> 29 | L69: =J69-K69 -> 0 | N69: 15 | O69: 14 | S69: 15 | T69: 14 | U69: 1 ausente
A70: Escuela Básica f-n°372 Santa Sara | B70: 10427 | C70: =B70&"-"&G70&"-"&H70 -> 10427-6-a | D70: RM | E70: Magdalena | F70: 45849 | G70: 6 | H70: a | I70: 28 | J70: =N70+O70 -> 28 | K70: =VLOOKUP(C70,'6_7_count'!F:G,2) -> 28 | L70: =J70-K70 -> 0 | N70: 13 | O70: 15 | S70: 13 | T70: 15 | U70: 2 ausentes
A71: Escuela Básica f-n°372 Santa Sara | B71: 10427 | C71: =B71&"-"&G71&"-"&H71 -> 10427-7-a | D71: RM | E71: Mónica | F71: 45849 | G71: 7 | H71: a | I71: 22 | J71: =N71+O71 -> 22 | K71: =VLOOKUP(C71,'6_7_count'!F:G,2) -> 22 | L71: =J71-K71 -> 0 | N71: 11 | O71: 11 | S71: 11 | T71: 11 | U71: 2 retirados 2 ausentes
A72: Escuela Básica Algarrobal | B72: 10407 | C72: =B72&"-"&G72&"-"&H72 -> 10407-7-b | D72: RM | E72: Mónica | F72: 45849 | G72: 7 | H72: b | I72: 33 | J72: =N72+O72 -> 33 | K72: =VLOOKUP(C72,'6_7_count'!F:G,2) -> 33 | L72: =J72-K72 -> 0 | N72: 15 | O72: 18 | S72: 15 | T72: 18 | U72: 2 retirados 2 ausentes
A73: Escuela Básica Algarrobal | B73: 10407 | C73: =B73&"-"&G73&"-"&H73 -> 10407-7-a | D73: RM | E73: Magdalena | F73: 45849 | G73: 7 | H73: a | I73: 32 | J73: =N73+O73 -> 32 | K73: =VLOOKUP(C73,'6_7_count'!F:G,2) -> 32 | L73: =J73-K73 -> 0 | N73: 16 | O73: 16 | S73: 16 | T73: 16 | U73: 6 ausentes
A74: Escuela Básica Algarrobal | B74: 10407 | C74: =B74&"-"&G74&"-"&H74 -> 10407-6-b | D74: RM | E74: Magdalena | F74: 45849 | G74: 6 | H74: b | I74: 27 | J74: =N74+O74 -> 27 | K74: =VLOOKUP(C74,'6_7_count'!F:G,2) -> 27 | L74: =J74-K74 -> 0 | N74: 14 | O74: 13 | S74: 14 | T74: 13 | U74: 15 ausentes 1 no lector
A75: Escuela Básica Algarrobal | B75: 10407 | C75: =B75&"-"&G75&"-"&H75 -> 10407-6-a | D75: RM | E75: Mónica | F75: 45849 | G75: 6 | H75: a | I75: 33 | J75: =N75+O75 -> 33 | K75: =VLOOKUP(C75,'6_7_count'!F:G,2) -> 33 | L75: =J75-K75 -> 0 | N75: 18 | O75: 15 | S75: 18 | T75: 15 | U75: 8 ausentes
A76: Escuela Básica Algarrobal | B76: 10407 | C76: =B76&"-"&G76&"-"&H76 -> 10407-5-b | D76: RM | E76: Magdalena | F76: 45849 | G76: 5 | H76: b | I76: 35 | J76: =N76+O76 -> 35 | K76: =VLOOKUP(C76,'4_5_count'!F:G,2) -> 35 | L76: =J76-K76 -> 0 | N76: 17 | O76: 18 | S76: 17 | T76: 18 | U76: 2 ausentes
A77: Escuela Básica Algarrobal | B77: 10407 | C77: =B77&"-"&G77&"-"&H77 -> 10407-5-a | D77: RM | E77: Magdalena | F77: 45849 | G77: 5 | H77: a | I77: 36 | J77: =N77+O77 -> 36 | K77: =VLOOKUP(C77,'4_5_count'!F:G,2) -> 36 | L77: =J77-K77 -> 0 | N77: 21 | O77: 15 | S77: 21 | T77: 15 | U77: 1 ausente
A78: Escuela Básica Algarrobal | B78: 10407 | C78: =B78&"-"&G78&"-"&H78 -> 10407-4-b | D78: RM | E78: Mónica | F78: 45849 | G78: 4 | H78: b | I78: 34 | J78: =N78+O78 -> 34 | K78: =VLOOKUP(C78,'4_5_count'!F:G,2) -> 33 | L78: =J78-K78 -> 1 | M78: venía una del cuarto a | N78: 14 | O78: 20 | S78: 14 | T78: 20 | U78: 6 ausentes
A79: Escuela Básica Algarrobal | B79: 10407 | C79: =B79&"-"&G79&"-"&H79 -> 10407-4-a | D79: RM | E79: Mónica | F79: 45849 | G79: 4 | H79: a | I79: 34 | J79: =N79+O79 -> 34 | K79: =VLOOKUP(C79,'4_5_count'!F:G,2) -> 35 | L79: =J79-K79 -> -1 | M79: venía una en el cuarto b | N79: 11 | O79: 23 | S79: 11 | T79: 23 | U79: 1 blanco
A80: Escuela Básica g-n° 734 Las Mercedes | B80: =vlookup(A80,rbds!A:B,2) -> 10839 | C80: =B80&"-"&G80&"-"&H80 -> 10839-7-a | D80: RM | E80: Mónica | F80: 45849 | G80: 7 | H80: a | I80: 29 | J80: =N80+O80 -> 29 | K80: =VLOOKUP(C80,'6_7_count'!F:G,2) -> 29 | L80: =J80-K80 -> 0 | N80: 18 | O80: 11 | S80: 18 | T80: 11 | U80: dice que hay un ausente
A81: Escuela Básica g-n° 734 Las Mercedes | B81: =vlookup(A81,rbds!A:B,2) -> 10839 | C81: =B81&"-"&G81&"-"&H81 -> 10839-6-a | D81: RM | E81: Magdalena | F81: 45849 | G81: 6 | H81: a | I81: 24 | J81: =N81+O81 -> 24 | K81: =VLOOKUP(C81,'6_7_count'!F:G,2) -> 24 | L81: =J81-K81 -> 0 | N81: 14 | O81: 10 | S81: 14 | T81: 10 | U81: 2 retiradas y 2 ausentes
A82: Escuela Básica g-n° 734 Las Mercedes | B82: =vlookup(A82,rbds!A:B,2) -> 10839 | C82: =B82&"-"&G82&"-"&H82 -> 10839-5-a | D82: RM | E82: Magdalena | F82: 45849 | G82: 5 | H82: a | I82: 28 | J82: =N82+O82 -> 28 | K82: =VLOOKUP(C82,'4_5_count'!F:G,2) -> 25 | L82: =J82-K82 -> 3 | M82: 3 en blanco | N82: 10 | O82: 18 | S82: 10 | T82: 18 | U82: 5 ausentes
A83: Escuela Básica g-n° 734 Las Mercedes | B83: =vlookup(A83,rbds!A:B,2) -> 10839 | C83: =B83&"-"&G83&"-"&H83 -> 10839-4-a | D83: RM | E83: Mónica | F83: 45849 | G83: 4 | H83: a | I83: 36 | J83: =N83+O83 -> 34 | K83: =VLOOKUP(C83,'4_5_count'!F:G,2) -> 36 | L83: =J83-K83 -> -2 | M83: venía 2 más | N83: 15 | O83: 19 | S83: 13 | T83: 18 | U83: 2 ausentes 1 retirada
A84: Escuela Básica g-n° 733 Chorombo bajo | B84: =vlookup(A84,rbds!A:B,2) -> 10838 | C84: =B84&"-"&G84&"-"&H84 -> 10838-4-a | D84: RM | E84: Jesús | F84: 45849 | G84: 4 | H84: a | I84: 13 | J84: =N84+O84 -> 13 | K84: =VLOOKUP(C84,'4_5_count'!F:G,2) -> 13 | L84: =J84-K84 -> 0 | N84: 11 | O84: 2 | S84: 11 | T84: 2 | U84: 7 ausentes | V84: 1
A85: Escuela Básica g-n° 733 Chorombo bajo | B85: =vlookup(A85,rbds!A:B,2) -> 10838 | C85: =B85&"-"&G85&"-"&H85 -> 10838-5-a | D85: RM | E85: Antonia | F85: 45849 | G85: 5 | H85: a | I85: 20 | J85: =N85+O85 -> 20 | K85: =VLOOKUP(C85,'4_5_count'!F:G,2) -> 20 | L85: =J85-K85 -> 0 | N85: 12 | O85: 8 | S85: 12 | T85: 8 | U85: 2 ausentes | V85: 1
A86: Escuela Básica g-n° 733 Chorombo bajo | B86: =vlookup(A86,rbds!A:B,2) -> 10838 | C86: =B86&"-"&G86&"-"&H86 -> 10838-6-a | D86: RM | E86: Antonia | F86: 45849 | G86: 6 | H86: a | I86: 19 | J86: =N86+O86 -> 19 | K86: =VLOOKUP(C86,'6_7_count'!F:G,2) -> 19 | L86: =J86-K86 -> 0 | N86: 12 | O86: 7 | S86: 12 | T86: 7 | U86: 1 ausente | V86: 1
A87: Escuela Básica g-n° 733 Chorombo bajo | B87: =vlookup(A87,rbds!A:B,2) -> 10838 | C87: =B87&"-"&G87&"-"&H87 -> 10838-7-a | D87: RM | E87: Jesús | F87: 45849 | G87: 7 | H87: a | I87: 20 | J87: =N87+O87 -> 20 | K87: =VLOOKUP(C87,'6_7_count'!F:G,2) -> 20 | L87: =J87-K87 -> 0 | N87: 8 | O87: 12 | S87: 8 | T87: 12 | U87: 4 ausentes | V87: 1
A88: Escuela San Francisco de Asís | B88: =vlookup(A88,rbds!A:B,2) -> 10412 | C88: =B88&"-"&G88&"-"&H88 -> 10412-7-a | D88: RM | E88: Esteban | F88: 45849 | G88: 7 | H88: a | I88: 16 | J88: =N88+O88 -> 16 | K88: =VLOOKUP(C88,'6_7_count'!F:G,2) -> 16 | L88: =J88-K88 -> 0 | N88: 8 | O88: 8 | S88: 8 | T88: 8 | U88: 2 retirados 4 ausentes
A89: Escuela San Francisco de Asís | B89: =vlookup(A89,rbds!A:B,2) -> 10412 | C89: =B89&"-"&G89&"-"&H89 -> 10412-6-a | D89: RM | E89: Magdalena | F89: 45849 | G89: 6 | H89: a | I89: 26 | J89: =N89+O89 -> 28 | K89: =VLOOKUP(C89,'6_7_count'!F:G,2) -> 26 | L89: =J89-K89 -> 2 | M89: venía 2 menos | N89: 15 | O89: 13 | S89: 15 | T89: 11 | U89: 5 ausentes 2 blancos
A90: Escuela San Francisco de Asís | B90: =vlookup(A90,rbds!A:B,2) -> 10412 | C90: =B90&"-"&G90&"-"&H90 -> 10412-5-a | D90: RM | E90: Magdalena | F90: 45849 | G90: 5 | H90: a | I90: 27 | J90: =N90+O90 -> 27 | K90: =VLOOKUP(C90,'4_5_count'!F:G,2) -> 27 | L90: =J90-K90 -> 0 | N90: 16 | O90: 11 | S90: 16 | T90: 11
A91: Escuela San Francisco de Asís | B91: =vlookup(A91,rbds!A:B,2) -> 10412 | C91: =B91&"-"&G91&"-"&H91 -> 10412-4-a | D91: RM | E91: Esteban | F91: 45849 | G91: 4 | H91: a | I91: 26 | J91: =N91+O91 -> 26 | K91: =VLOOKUP(C91,'4_5_count'!F:G,2) -> 26 | L91: =J91-K91 -> 0 | N91: 14 | O91: 12 | S91: 14 | T91: 12 | U91: 4 ausentes 1 duplicada
A92: Colegio Santa Claudia | B92: =vlookup(A92,rbds!A:B,2) -> 20449 | C92: =B92&"-"&G92&"-"&H92 -> 20449-4-a | D92: RM | E92: Jesús | F92: 45849 | G92: 4 | H92: a | I92: 27 | J92: =N92+O92 -> 27 | K92: =VLOOKUP(C92,'4_5_count'!F:G,2) -> 27 | L92: =J92-K92 -> 0 | N92: 16 | O92: 11 | S92: 16 | T92: 11 | V92: 1
A93: Colegio Santa Claudia | B93: =vlookup(A93,rbds!A:B,2) -> 20449 | C93: =B93&"-"&G93&"-"&H93 -> 20449-5-a | D93: RM | E93: Esteban | F93: 45849 | G93: 5 | H93: a | I93: 24 | J93: =N93+O93 -> 24 | K93: =VLOOKUP(C93,'4_5_count'!F:G,2) -> 22 | L93: =J93-K93 -> 2 | M93: 2 en blanco | N93: 16 | O93: 8 | S93: 16 | T93: 8 | U93: 2 ausentes | V93: 1
A94: Colegio Santa Claudia | B94: =vlookup(A94,rbds!A:B,2) -> 20449 | C94: =B94&"-"&G94&"-"&H94 -> 20449-6-a | D94: RM | E94: Esteban | F94: 45849 | G94: 6 | H94: a | I94: 22 | J94: =N94+O94 -> 22 | K94: =VLOOKUP(C94,'6_7_count'!F:G,2) -> 22 | L94: =J94-K94 -> 0 | N94: 12 | O94: 10 | S94: 12 | T94: 10 | V94: 1
A95: Colegio Santa Claudia | B95: =vlookup(A95,rbds!A:B,2) -> 20449 | C95: =B95&"-"&G95&"-"&H95 -> 20449-7-a | D95: RM | E95: Jesús | F95: 45849 | G95: 7 | H95: a | I95: 29 | J95: =N95+O95 -> 29 | K95: =VLOOKUP(C95,'6_7_count'!F:G,2) -> 28 | L95: =J95-K95 -> 1 | M95: venían 1 menos | N95: 15 | O95: 14 | S95: 15 | T95: 14 | U95: 1 ausente | V95: 1
A96: LICEO ESMERALDA | B96: =vlookup(A96,rbds!A:B,2) -> 10405 | C96: =B96&"-"&G96&"-"&H96 -> 10405-4-b | D96: RM | E96: Jesús | F96: 45849 | G96: 4 | H96: b | I96: 31 | J96: =N96+O96 -> 30 | K96: =VLOOKUP(C96,'4_5_count'!F:G,2) -> 31 | L96: =J96-K96 -> -1 | M96: venía 1 más | N96: 12 | O96: 18 | S96: 13 | T96: 18 | U96: 4 ausentes | V96: 1
A97: LICEO ESMERALDA | B97: =vlookup(A97,rbds!A:B,2) -> 10405 | C97: =B97&"-"&G97&"-"&H97 -> 10405-4-a | D97: RM | E97: Jesús | F97: 45849 | G97: 4 | H97: a | I97: 31 | J97: =N97+O97 -> 30 | K97: =VLOOKUP(C97,'4_5_count'!F:G,2) -> 31 | L97: =J97-K97 -> -1 | M97: venía 1 más | N97: 24 | O97: 6 | S97: 25 | T97: 6 | U97: 3 ausentes | V97: 1
A98: LICEO ESMERALDA | B98: =vlookup(A98,rbds!A:B,2) -> 10405 | C98: =B98&"-"&G98&"-"&H98 -> 10405-5-b | D98: RM | E98: Mónica | F98: 45849 | G98: 5 | H98: b | I98: 37 | J98: =N98+O98 -> 37 | K98: =VLOOKUP(C98,'4_5_count'!F:G,2) -> 37 | L98: =J98-K98 -> 0 | N98: 23 | O98: 14 | S98: 23 | T98: 14 | U98: 4 ausentes | V98: 1
A99: LICEO ESMERALDA | B99: =vlookup(A99,rbds!A:B,2) -> 10405 | C99: =B99&"-"&G99&"-"&H99 -> 10405-5-a | D99: RM | E99: Mónica | F99: 45849 | G99: 5 | H99: a | I99: 29 | J99: =N99+O99 -> 28 | K99: =VLOOKUP(C99,'4_5_count'!F:G,2) -> 29 | L99: =J99-K99 -> -1 | M99: venía 1 más | N99: 12 | O99: 16 | S99: 12 | T99: 17 | U99: 1 repetida 5 ausentes 1 retirado | V99: 1
A100: LICEO ESMERALDA | B100: =vlookup(A100,rbds!A:B,2) -> 10405 | C100: =B100&"-"&G100&"-"&H100 -> 10405-6-b | D100: RM | E100: Mónica | F100: 45849 | G100: 6 | H100: b | I100: 34 | J100: =N100+O100 -> 31 | K100: =VLOOKUP(C100,'6_7_count'!F:G,2) -> 34 | L100: =J100-K100 -> -3 | M100: venía 3 más | N100: 14 | O100: 17 | S100: 14 | T100: 20 | U100: 3 ausentes | V100: 1
...

Sheet revisar
A1: Ja | B1: curso | C1: letra | D1: nombre | E1: rut | F1: nom_est | G1: nombre | H1: rut | I1: sexo | J1: stata nom | K1: stata rut
A2: 21554A1 | B2: 4 | C2: A | D2: Luciano Quilodran | E2: - | F2: Colegio Particular Whipple School | G2: Luciano Quintero | H2: 24794073-1 | J2: ="replace nombre = """&G2&""" if folio == """&A2&"""" -> replace nombre = "Luciano Quintero" if folio == "21554A1" | K2: ="replace rut = """&H2&""" if folio == """&A2&"""" -> replace rut = "24794073-1" if folio == "21554A1"
A3: 21554A2 | B3: 4 | C3: A | D3: Emiliano Valentin Quiroz Gomez | E3: - | F3: Colegio Particular Whipple School | G3: Emiliano Valentin Quiroz Gómez | H3: 25104165-2 | J3: ="replace nombre = """&G3&""" if folio == """&A3&"""" -> replace nombre = "Emiliano Valentin Quiroz Gómez" if folio == "21554A2" | K3: ="replace rut = """&H3&""" if folio == """&A3&"""" -> replace rut = "25104165-2" if folio == "21554A2"
A4: 21554A3 | B4: 4 | C4: A | D4: Kaeylin Valdivia | E4: - | F4: Colegio Particular Whipple School | G4: Joaquin Valdivia | H4: 25289546-9 | J4: ="replace nombre = """&G4&""" if folio == """&A4&"""" -> replace nombre = "Joaquin Valdivia" if folio == "21554A3" | K4: ="replace rut = """&H4&""" if folio == """&A4&"""" -> replace rut = "25289546-9" if folio == "21554A3"
A5: 21554A4 | B5: 4 | C5: A | D5: Cyose Tarragoniez | E5: - | F5: Colegio Particular Whipple School | G5: José Parraguez | H5: 25054492-8 | J5: ="replace nombre = """&G5&""" if folio == """&A5&"""" -> replace nombre = "José Parraguez" if folio == "21554A4" | K5: ="replace rut = """&H5&""" if folio == """&A5&"""" -> replace rut = "25054492-8" if folio == "21554A4"
A6: 21555A1 | B6: 5 | C6: A | D6: Aeirys Noemy Cavieres Contreras | E6: - | F6: Colegio Particular Whipple School | G6: Aiirys Noemy Cavieres Contreras | H6: 24502267-0 | J6: ="replace nombre = """&G6&""" if folio == """&A6&"""" -> replace nombre = "Aiirys Noemy Cavieres Contreras" if folio == "21555A1" | K6: ="replace rut = """&H6&""" if folio == """&A6&"""" -> replace rut = "24502267-0" if folio == "21555A1"
A7: 21555A2 | B7: 5 | C7: A | D7: Sinon Neftali Burgos Piña | E7: - | F7: Colegio Particular Whipple School | G7: Simon Neftalí Burgos Piña | H7: 24937139-4 | J7: ="replace nombre = """&G7&""" if folio == """&A7&"""" -> replace nombre = "Simon Neftalí Burgos Piña" if folio == "21555A2" | K7: ="replace rut = """&H7&""" if folio == """&A7&"""" -> replace rut = "24937139-4" if folio == "21555A2"
A8: 21555A3 | B8: 5 | C8: A | D8: Cristopher Alexis Telles Telles | E8: - | F8: Colegio Particular Whipple School | G8: Cristopher Alexis Telles Telles | H8: 24546633-1 | J8: ="replace nombre = """&G8&""" if folio == """&A8&"""" -> replace nombre = "Cristopher Alexis Telles Telles" if folio == "21555A3" | K8: ="replace rut = """&H8&""" if folio == """&A8&"""" -> replace rut = "24546633-1" if folio == "21555A3"
A9: 21555A4 | B9: 5 | C9: A | D9: Thalma Antonella Sanchez Rodriguez | E9: - | F9: Colegio Particular Whipple School | G9: Noelia Antonella Sanchez Rodriguez | H9: 24247663-8 | J9: ="replace nombre = """&G9&""" if folio == """&A9&"""" -> replace nombre = "Noelia Antonella Sanchez Rodriguez" if folio == "21555A4" | K9: ="replace rut = """&H9&""" if folio == """&A9&"""" -> replace rut = "24247663-8" if folio == "21555A4"
A10: 21555A5 | B10: 5 | C10: A | D10: April Trinidad Díaz Tanayo | E10: - | F10: Colegio Particular Whipple School | G10: April Trinidad Díaz Tarayo | H10: 24926706-6 | J10: ="replace nombre = """&G10&""" if folio == """&A10&"""" -> replace nombre = "April Trinidad Díaz Tarayo" if folio == "21555A5" | K10: ="replace rut = """&H10&""" if folio == """&A10&"""" -> replace rut = "24926706-6" if folio == "21555A5"
A11: 21555A6 | B11: 5 | C11: A | D11: Maximiliano Isalan Marceliano Ignacio Salas Pizano | E11: - | F11: Colegio Particular Whipple School | G11: Maximiliano Ignacio Salas Pizarro | H11: 24762658-1 | J11: ="replace nombre = """&G11&""" if folio == """&A11&"""" -> replace nombre = "Maximiliano Ignacio Salas Pizarro" if folio == "21555A6" | K11: ="replace rut = """&H11&""" if folio == """&A11&"""" -> replace rut = "24762658-1" if folio == "21555A6"
A12: 21555A7 | B12: 5 | C12: A | D12: ALVARO NICOLAS RUIZ QUINTEROS | E12: - | F12: Colegio Particular Whipple School | G12: Álvaro Nicolas Ruiz Quinteros | H12: 24902219-5 | J12: ="replace nombre = """&G12&""" if folio == """&A12&"""" -> replace nombre = "Álvaro Nicolas Ruiz Quinteros" if folio == "21555A7" | K12: ="replace rut = """&H12&""" if folio == """&A12&"""" -> replace rut = "24902219-5" if folio == "21555A7"
A13: 22204A1 | B13: 4 | C13: A | D13: MELANY Blanco | E13: - | F13: Colegio San Martín | G13: Melany Blanco Mahani | H13: 100830776-4 | J13: ="replace nombre = """&G13&""" if folio == """&A13&"""" -> replace nombre = "Melany Blanco Mahani" if folio == "22204A1" | K13: ="replace rut = """&H13&""" if folio == """&A13&"""" -> replace rut = "100830776-4" if folio == "22204A1"
... A21: 22205A3 | B21: 5 | C21: A | D21: José manuel yuvaraz montenegre | E21: - | F21: Colegio San Martín | G21: José Manuel Guerrero Montenegro | H21: 24808129-5 | J21: ="replace nombre = """&G21&""" if folio == """&A21&"""" -> replace nombre = "José Manuel Guerrero Montenegro" if folio == "22205A3" | K21: ="replace rut = """&H21&""" if folio == """&A21&"""" -> replace rut = "24808129-5" if folio == "22205A3"
A22: 22205A4 | B22: 5 | C22: A | D22: LUCAS MATEO SIERPE LARA | E22: - | F22: Colegio San Martín | G22: Brianna Polette Ramirez Suarez | H22: 24411997-2 | I22: mujer | J22: ="replace nombre = """&G22&""" if folio == """&A22&"""" -> replace nombre = "Brianna Polette Ramirez Suarez" if folio == "22205A4" | K22: ="replace rut = """&H22&""" if folio == """&A22&"""" -> replace rut = "24411997-2" if folio == "22205A4"
A23: 22205A5 | B23: 5 | C23: A | D23: Omittomy masidimas Anthony Sadiel Hardones Hartinez | E23: - | F23: Colegio San Martín | G23: Anthony Jadiel Mardones Martinez | H23: 24703324-6 | J23: ="replace nombre = """&G23&""" if folio == """&A23&"""" -> replace nombre = "Anthony Jadiel Mardones Martinez" if folio == "22205A5" | K23: ="replace rut = """&H23&""" if folio == """&A23&"""" -> replace rut = "24703324-6" if folio == "22205A5"
A24: 22205A6 | B24: 5 | C24: A | D24: Viviana Gana | E24: - | F24: Colegio San Martín | G24: Viviana Antonella Gana Campos | H24: 24308007-k | J24: ="replace nombre = """&G24&""" if folio == """&A24&"""" -> replace nombre = "Viviana Antonella Gana Campos" if folio == "22205A6" | K24: ="replace rut = """&H24&""" if folio == """&A24&"""" -> replace rut = "24308007-k" if folio == "22205A6"
A25: 22205A7 | B25: 5 | C25: A | D25: NATHAN OLIVER SILVA MADRID | E25: - | F25: Colegio San Martín | G25: Nathian Oliver Silva Madrid | H25: 24228600-6 | J25: ="replace nombre = """&G25&""" if folio == """&A25&"""" -> replace nombre = "Nathian Oliver Silva Madrid" if folio == "22205A7" | K25: ="replace rut = """&H25&""" if folio == """&A25&"""" -> replace rut = "24228600-6" if folio == "22205A7"
A26: 22205A8 | B26: 5 | C26: A | D26: Amanda antonella García Cifuentes | E26: - | F26: Colegio San Martín | G26: Amanda Antonella Alejandra Cifuentes | H26: 24821701-4 | J26: ="replace nombre = """&G26&""" if folio == """&A26&"""" -> replace nombre = "Amanda Antonella Alejandra Cifuentes" if folio == "22205A8" | K26: ="replace rut = """&H26&""" if folio == """&A26&"""" -> replace rut = "24821701-4" if folio == "22205A8"
A27: 22205A9 | B27: 5 | C27: A | D27: DAFNE ANTONELLA ANABALÓN RODRÍGUEZ | E27: - | F27: Colegio San Martín | G27: Camila Martinez Blemonte | I27: mujer | J27: ="replace nombre = """&G27&""" if folio == """&A27&"""" -> replace nombre = "Camila Martinez Blemonte" if folio == "22205A9" | K27: ="replace rut = """&H27&""" if folio == """&A27&"""" -> replace rut = "" if folio == "22205A9"
A28: 23394A2 | B28: 4 | C28: A | D28: CHRISTOPER DANIEL DINAMARCA CATALAN | E28: - | F28: Escuela Municipal Zuniga | G28: Christopher Daniel Dinamarca Catalán | H28: 25065915-6 | J28: ="replace nombre = """&G28&""" if folio == """&A28&"""" -> replace nombre = "Christopher Daniel Dinamarca Catalán" if folio == "23394A2" | K28: ="replace rut = """&H28&""" if folio == """&A28&"""" -> replace rut = "25065915-6" if folio == "23394A2"
A29: 23394A3 | B29: 4 | C29: A | D29: Tarkowski Torres Inari Antonio | E29: - | F29: Escuela Municipal Zuniga | G29: Inari Tarkowski Torres | H29: 25072735-6 | J29: ="replace nombre = """&G29&""" if folio == """&A29&"""" -> replace nombre = "Inari Tarkowski Torres" if folio == "23394A3" | K29: ="replace rut = """&H29&""" if folio == """&A29&"""" -> replace rut = "25072735-6" if folio == "23394A3"
A30: 23394A4 | B30: 4 | C30: A | D30: Maily Barba Peres | E30: - | F30: Escuela Municipal Zuniga | G30: Maily Barba Perez | H30: 100836932-8 | J30: ="replace nombre = """&G30&""" if folio == """&A30&"""" -> replace nombre = "Maily Barba Perez" if folio == "23394A4" | K30: ="replace rut = """&H30&""" if folio == """&A30&"""" -> replace rut = "100836932-8" if folio == "23394A4"
A31: 23395A2 | B31: 5 | C31: A | D31: ANTONELLA RAQUEL TORO CEBALLOS | E31: - | F31: Escuela Municipal Zuniga | G31: ANTONELLA RAQUEL TORO CEBALLOS | H31: 24882844-7 | J31: ="replace nombre = """&G31&""" if folio == """&A31&"""" -> replace nombre = "ANTONELLA RAQUEL TORO CEBALLOS" if folio == "23395A2" | K31: ="replace rut = """&H31&""" if folio == """&A31&"""" -> replace rut = "24882844-7" if folio == "23395A2"
A32: 23395A3 | B32: 5 | C32: A | D32: Francisca Sepúlveda Lasseube Hortencia | E32: - | F32: Escuela Municipal Zuniga | G32: Francisca Hortencia Sepúlveda Lasseube | H32: 24925268-9 | J32: ="replace nombre = """&G32&""" if folio == """&A32&"""" -> replace nombre = "Francisca Hortencia Sepúlveda Lasseube" if folio == "23395A3" | K32: ="replace rut = """&H32&""" if folio == """&A32&"""" -> replace rut = "24925268-9" if folio == "23395A3"
A33: 23395A4 | B33: 5 | C33: A | D33: EZEQUIEL GUSTAVO MARTINEZ CAROCA | E33: - | F33: Escuela Municipal Zuniga | G33: Ezequiel Gustavo Martinez Caroca | H33: 24922618-1 | J33: ="replace nombre = """&G33&""" if folio == """&A33&"""" -> replace nombre = "Ezequiel Gustavo Martinez Caroca" if folio == "23395A4" | K33: ="replace rut = """&H33&""" if folio == """&A33&"""" -> replace rut = "24922618-1" if folio == "23395A4"
A34: 23395A5 | B34: 5 | C34: A | D34: Hernán Alonso Orellana Cañas | E34: - | F34: Escuela Municipal Zuniga | G34: Hernán Alonso Orellana Cañas | H34: 24832497-k | J34: ="replace nombre = """&G34&""" if folio == """&A34&"""" -> replace nombre = "Hernán Alonso Orellana Cañas" if folio == "23395A5" | K34: ="replace rut = """&H34&""" if folio == """&A34&"""" -> replace rut = "24832497-k" if folio == "23395A5"
A35: 23395A6 | B35: 5 | C35: A | D35: Rodolfo Sebastian Valenzuela Ibañez | E35: - | F35: Escuela Municipal Zuniga | G35: Rodolfo Sebastián Valenzuela Ibañez | H35: 24664469-1 | J35: ="replace nombre = """&G35&""" if folio == """&A35&"""" -> replace nombre = "Rodolfo Sebastián Valenzuela Ibañez" if folio == "23395A6" | K35: ="replace rut = """&H35&""" if folio == """&A35&"""" -> replace rut = "24664469-1" if folio == "23395A6"
A36: 24554A2 | B36: 4 | C36: A | D36: José Antonio Herrera Mansalves | E36: - | F36: Colegio Inmaculada Concepcion | G36: José Antonio Herrera Monsalves | H36: 25216263-1 | J36: ="replace nombre = """&G36&""" if folio == """&A36&"""" -> replace nombre = "José Antonio Herrera Monsalves" if folio == "24554A2" | K36: ="replace rut = """&H36&""" if folio == """&A36&"""" -> replace rut = "25216263-1" if folio == "24554A2"
A37: 24554B2 | B37: 4 | C37: B | D37: Alonso Enrique Arancibia Collana | E37: - | F37: Colegio Inmaculada Concepcion | G37: Alonso Enrique Orellana Aranibar | H37: 25133877-9 | J37: ="replace nombre = """&G37&""" if folio == """&A37&"""" -> replace nombre = "Alonso Enrique Orellana Aranibar " if folio == "24554B2" | K37: ="replace rut = """&H37&""" if folio == """&A37&"""" -> replace rut = "25133877-9" if folio == "24554B2"
A38: 24554B3 | B38: 4 | C38: B | D38: Santiago Sepulveda Areyuna Alamo | E38: - | F38: Colegio Inmaculada Concepcion | G38: Santiago Sepulveda Quezada Alonso | H38: 24950300-2 | J38: ="replace nombre = """&G38&""" if folio == """&A38&"""" -> replace nombre = "Santiago Sepulveda Quezada Alonso" if folio == "24554B3" | K38: ="replace rut = """&H38&""" if folio == """&A38&"""" -> replace rut = "24950300-2" if folio == "24554B3"
A39: 24555A1 | B39: 5 | C39: A | D39: Catalina Morales | E39: - | F39: Colegio Inmaculada Concepcion | G39: Catalina Morales | H39: 24817527-3 | J39: ="replace nombre = """&G39&""" if folio == """&A39&"""" -> replace nombre = "Catalina Morales " if folio == "24555A1" | K39: ="replace rut = """&H39&""" if folio == """&A39&"""" -> replace rut = "24817527-3" if folio == "24555A1"
... A83: 45304B2 | B83: 4 | C83: B | D83: Diego Alejandro Gisottana Yañez | E83: - | F83: Instituto San Sebastián Básico | G83: Diego Alejandro Crisostomo Yañez | H83: 25121078-0 | J83: ="replace nombre = """&G83&""" if folio == """&A83&"""" -> replace nombre = "Diego Alejandro Crisostomo Yañez" if folio == "45304B2" | K83: ="replace rut = """&H83&""" if folio == """&A83&"""" -> replace rut = "25121078-0" if folio == "45304B2"
A84: 45304B3 | B84: 4 | C84: B | D84: Amanda Doris, Marle Jara | E84: - | F84: Instituto San Sebastián Básico | G84: Amanda Doris MArre Jara | H84: 25005227-8 | J84: ="replace nombre = """&H84&""" if folio == """&A84&"""" -> replace nombre = "25005227-8" if folio == "45304B3" | K84: ="replace rut = """&#REF!&""" if folio == """&A84&"""" -> #REF!
A85: 45304B5 | B85: 4 | C85: B | D85: sofia contanza gomaler campos | E85: - | F85: Instituto San Sebastián Básico | G85: Sofía Constanza Gonzalez Campos | H85: 25046981-0 | J85: ="replace nombre = """&G85&""" if folio == """&A85&"""" -> replace nombre = "Sofía Constanza Gonzalez Campos" if folio == "45304B5" | K85: ="replace rut = """&H85&""" if folio == """&A85&"""" -> replace rut = "25046981-0" if folio == "45304B5"
A86: 45304B6 | B86: 4 | C86: B | D86: JADA MANUEL | E86: - | F86: Instituto San Sebastián Básico | G86: infante Gavilan Jorge Manuel | H86: 25320731-0 | J86: ="replace nombre = """&G86&""" if folio == """&A86&"""" -> replace nombre = "infante Gavilan Jorge Manuel" if folio == "45304B6" | K86: ="replace rut = """&H86&""" if folio == """&A86&"""" -> replace rut = "25320731-0" if folio == "45304B6"
A87: 45305A2 | B87: 5 | C87: A | D87: MONSERRAT PAREDES | E87: - | F87: Instituto San Sebastián Básico | G87: Paredes Ortega Monserrat del Carmen | H87: 24635808-7 | J87: ="replace nombre = """&G87&""" if folio == """&A87&"""" -> replace nombre = "Paredes Ortega Monserrat del Carmen" if folio == "45305A2" | K87: ="replace rut = """&H87&""" if folio == """&A87&"""" -> replace rut = "24635808-7" if folio == "45305A2"
A88: 45305A3 | B88: 5 | C88: A | D88: bayni millos salazar gonzalez | E88: - | F88: Instituto San Sebastián Básico | G88: Dafne Meliza Salazar Gonzalez | H88: 24927801-7 | J88: ="replace nombre = """&G88&""" if folio == """&A88&"""" -> replace nombre = "Dafne Meliza Salazar Gonzalez" if folio == "45305A3" | K88: ="replace rut = """&H88&""" if folio == """&A88&"""" -> replace rut = "24927801-7" if folio == "45305A3"
A89: 45305B2 | B89: 5 | C89: B | D89: leonor antonia vargas sanchez | E89: - | F89: Instituto San Sebastián Básico | G89: Leonor Antonia Vargas Sanchez | H89: 24820882-1 | J89: ="replace nombre = """&G89&""" if folio == """&A89&"""" -> replace nombre = "Leonor Antonia Vargas Sanchez" if folio == "45305B2" | K89: ="replace rut = """&H89&""" if folio == """&A89&"""" -> replace rut = "24820882-1" if folio == "45305B2"
A90: 45305B3 | B90: 5 | C90: B | D90: Yordan Alexis Escalon Rejalisto | E90: - | F90: Instituto San Sebastián Básico | G90: Yordan Alexis Escobar Rebolledo | H90: 24676129-9 | J90: ="replace nombre = """&G90&""" if folio == """&A90&"""" -> replace nombre = "Yordan Alexis Escobar Rebolledo" if folio == "45305B3" | K90: ="replace rut = """&H90&""" if folio == """&A90&"""" -> replace rut = "24676129-9" if folio == "45305B3"
A91: 45305B4 | B91: 5 | C91: B | D91: Martin Salmiento Martín Alonso Valenzuela Valdebenito | E91: - | F91: Instituto San Sebastián Básico | G91: Martín Alonso Valenzuela Valdebenito | H91: 24801028-2 | J91: ="replace nombre = """&G91&""" if folio == """&A91&"""" -> replace nombre = "Martín Alonso Valenzuela Valdebenito" if folio == "45305B4" | K91: ="replace rut = """&H91&""" if folio == """&A91&"""" -> replace rut = "24801028-2" if folio == "45305B4"
A92: 46504A2 | B92: 4 | C92: A | D92: NAYARA FRITZ | E92: - | F92: Colegio Colegio Martín Luther | G92: Fritz Villarroel Nayara Victoria | H92: 24978480-K | J92: ="replace nombre = """&G92&""" if folio == """&A92&"""" -> replace nombre = "Fritz Villarroel Nayara Victoria" if folio == "46504A2" | K92: ="replace rut = """&H92&""" if folio == """&A92&"""" -> replace rut = "24978480-K" if folio == "46504A2"
A93: 46504A3 | B93: 4 | C93: A | D93: AHYMARA BELEN AILLO VENEGAS | E93: - | F93: Colegio Colegio Martín Luther | G93: Ailio Venegas Ahymara Belén | H93: 25307480-9 | J93: ="replace nombre = """&G93&""" if folio == """&A93&"""" -> replace nombre = "Ailio Venegas Ahymara Belén" if folio == "46504A3" | K93: ="replace rut = """&H93&""" if folio == """&A93&"""" -> replace rut = "25307480-9" if folio == "46504A3"
A94: 46505A2 | B94: 5 | C94: A | D94: Izan Felipe ponce de la hoz | E94: - | F94: Colegio Colegio Martín Luther | G94: Ponce de la Hoz Izan Felipe | H94: 24899506-8 | J94: ="replace nombre = """&G94&""" if folio == """&A94&"""" -> replace nombre = "Ponce de la Hoz Izan Felipe" if folio == "46505A2" | K94: ="replace rut = """&H94&""" if folio == """&A94&"""" -> replace rut = "24899506-8" if folio == "46505A2"
A95: 46505A3 | B95: 5 | C95: A | D95: MARTINA DE LOURDES OLMOS VELASCO | E95: - | F95: Colegio Colegio Martín Luther | G95: Martina de Lourde Olmos Velaso | H95: 24786141-6 | J95: ="replace nombre = """&G95&""" if folio == """&A95&"""" -> replace nombre = "Martina de Lourde Olmos Velaso" if folio == "46505A3" | K95: ="replace rut = """&H95&""" if folio == """&A95&"""" -> replace rut = "24786141-6" if folio == "46505A3"
A96: 46505A4 | B96: 5 | C96: A | D96: MIA CATALINA ALEXANDRA JIMENEZ VALENZUELA | E96: - | F96: Colegio Colegio Martín Luther | G96: Mia Catalina Alexandra Jimenez Valenzuela | H96: 24931691-1 | J96: ="replace nombre = """&G96&""" if folio == """&A96&"""" -> replace nombre = "Mia Catalina Alexandra Jimenez Valenzuela" if folio == "46505A4" | K96: ="replace rut = """&H96&""" if folio == """&A96&"""" -> replace rut = "24931691-1" if folio == "46505A4"
... A100: 46664A3 | B100: 4 | C100: A | D100: Romina Trinidad Bustos Campos | E100: - | F100: Colegio Santa Luisa De Concepcion | G100: Romina Trinidad Bustos Campos | H100: 25181235-7 | J100: ="replace nombre = """&G100&""" if folio == """&A100&"""" -> replace nombre = "Romina Trinidad Bustos Campos" if folio == "46664A3" | K100: ="replace rut = """&H100&""" if folio == """&A100&"""" -> replace rut = "25181235-7" if folio == "46664A3"
A101: 46664A4 | B101: 4 | C101: A | D101: Osorio Maximiliano, Alonso Ignacio | E101: - | F101: Colegio Santa Luisa De Concepcion | G101: Alonso Maximiliano Olave Escovar | H101: 25282558-4 | J101: ="replace nombre = """&#REF!&""" if folio == """&A101&"""" -> #REF! | K101: ="replace rut = """&#REF!&""" if folio == """&A101&"""" -> #REF!
A102: 46664B1 | B102: 4 | C102: B | D102: Alondra Isabella Seguel Carrasco | E102: - | F102: Colegio Santa Luisa De Concepcion | G102: Alondra Isabella Seguel Carrasco | J102: ="replace nombre = """&G102&""" if folio == """&A102&"""" -> replace nombre = "Alondra Isabella Seguel Carrasco" if folio == "46664B1" | K102: ="replace rut = """&H101&""" if folio == """&A102&"""" -> replace rut = "25282558-4" if folio == "46664B1"
A103: 46664B2 | B103: 4 | C103: B | D103: LUCRO HENRIQUEZ GODOY | E103: - | F103: Colegio Santa Luisa De Concepcion | G103: Lucas Henriquez Godoy | H103: 24706788-4 | J103: ="replace nombre = """&#REF!&""" if folio == """&A103&"""" -> #REF! | K103: ="replace rut = """&H102&""" if folio == """&A103&"""" -> replace rut = "" if folio == "46664B2"
A104: 46665A1 | B104: 5 | C104: A | D104: Valdivia abais jaxa espinoza | E104: - | F104: Colegio Santa Luisa De Concepcion | G104: Vaithiare Anais Jara Espinoza | H104: 24635832-k | J104: ="replace nombre = """&G104&""" if folio == """&A104&"""" -> replace nombre = "Vaithiare Anais Jara Espinoza" if folio == "46665A1" | K104: ="replace rut = """&H104&""" if folio == """&A104&"""" -> replace rut = "24635832-k" if folio == "46665A1"
A105: 46665A2 | B105: 5 | C105: A | D105: Agostino Patricio Perez Campón | E105: - | F105: Colegio Santa Luisa De Concepcion | G105: Agustin Perez Caripan | H105: 24650251-k | J105: ="replace nombre = """&G105&""" if folio == """&A105&"""" -> replace nombre = "Agustin Perez Caripan" if folio == "46665A2" | K105: ="replace rut = """&H105&""" if folio == """&A105&"""" -> replace rut = "24650251-k" if folio == "46665A2"
A106: 46665A3 | B106: 5 | C106: A | D106: ARTURO CORTEZ | E106: - | F106: Colegio Santa Luisa De Concepcion | G106: Arturo Alonso Cortez Sobiona | H106: 24766502-1 | J106: ="replace nombre = """&G106&""" if folio == """&A106&"""" -> replace nombre = "Arturo Alonso Cortez Sobiona" if folio == "46665A3" | K106: ="replace rut = """&H106&""" if folio == """&A106&"""" -> replace rut = "24766502-1" if folio == "46665A3"
A107: 46665A4 | B107: 5 | C107: A | D107: Diego SOLLODDOV Mivchnda Jorku | E107: - | F107: Colegio Santa Luisa De Concepcion | G107: Diego Salvador Miranda Jara | H107: 24944857-5 | J107: ="replace nombre = """&G107&""" if folio == """&A107&"""" -> replace nombre = "Diego Salvador Miranda Jara" if folio == "46665A4" | K107: ="replace rut = """&H107&""" if folio == """&A107&"""" -> replace rut = "24944857-5" if folio == "46665A4"
A108: 46665B1 | B108: 5 | C108: B | D108: Florencia Pascale Seguel Venegas | E108: - | F108: Colegio Santa Luisa De Concepcion | G108: Florencia Pascale Seguel Venegas | H108: 24623319-5 | J108: ="replace nombre = """&G108&""" if folio == """&A108&"""" -> replace nombre = "Florencia Pascale Seguel Venegas" if folio == "46665B1" | K108: ="replace rut = """&H108&""" if folio == """&A108&"""" -> replace rut = "24623319-5" if folio == "46665B1"
A109: 46665B2 | B109: 5 | C109: B | D109: Ignacio Palma | E109: - | F109: Colegio Santa Luisa De Concepcion | G109: Ignacia Palma | H109: 247233915-4 | J109: ="replace nombre = """&G109&""" if folio == """&A109&"""" -> replace nombre = "Ignacia Palma" if folio == "46665B2" | K109: ="replace rut = """&H109&""" if folio == """&A109&"""" -> replace rut = "247233915-4" if folio == "46665B2"
A110: 46665B3 | B110: 5 | C110: B | D110: Edyn Mancilla | E110: - | F110: Colegio Santa Luisa De Concepcion | G110: Felipe Mancilla | H110: 24727799-4 | J110: ="replace nombre = """&#REF!&""" if folio == """&A110&"""" -> #REF! | K110: ="replace rut = """&H110&""" if folio == """&A110&"""" -> replace rut = "24727799-4" if folio == "46665B3"
A111: 47624A2 | B111: 4 | C111: A | D111: Felipe Mungo, Felipe Alonso Santo Anais | E111: - | F111: Liceo La Asuncion | G111: Felipe Alonso Suazo Arias | H111: 24973824-7 | J111: ="replace nombre = """&G110&""" if folio == """&A111&"""" -> replace nombre = "Felipe Mancilla" if folio == "47624A2" | K111: ="replace rut = """&H111&""" if folio == """&A111&"""" -> replace rut = "24973824-7" if folio == "47624A2"
A112: 47624A3 | B112: 4 | C112: A | D112: ACOSTA MEDINA, MARIANA SOFIA | E112: - | F112: Liceo La Asuncion | G112: Sofía Ignacia Rodriguez Araya | H112: 24782691-2 | J112: ="replace nombre = """&G112&""" if folio == """&A112&"""" -> replace nombre = "Sofía Ignacia Rodriguez Araya" if folio == "47624A3" | K112: ="replace rut = """&H112&""" if folio == """&A112&"""" -> replace rut = "24782691-2" if folio == "47624A3"
A113: 47624A4 | B113: 4 | C113: A | D113: Anarella Miranda Pinto Herrera | E113: - | F113: Liceo La Asuncion | G113: Anarella Miranda Pinto Herrera | H113: 100442629-7 | J113: ="replace nombre = """&G113&""" if folio == """&A113&"""" -> replace nombre = "Anarella Miranda Pinto Herrera" if folio == "47624A4" | K113: ="replace rut = """&H113&""" if folio == """&A113&"""" -> replace rut = "100442629-7" if folio == "47624A4"
A114: 47624A5 | B114: 4 | C114: A | D114: Villamayor Olivares, Constanza | E114: - | F114: Liceo La Asuncion | G114: Sofía Ignacia Gutierres Contreras | H114: 25081350-3 | J114: ="replace nombre = """&G114&""" if folio == """&A114&"""" -> replace nombre = "Sofía Ignacia Gutierres Contreras" if folio == "47624A5" | K114: ="replace rut = """&H114&""" if folio == """&A114&"""" -> replace rut = "25081350-3" if folio == "47624A5"
A115: 47624A6 | B115: 4 | C115: A | D115: DYLAN EDUARDO AGUILAR MUÑOZ MUÑOZ | E115: - | F115: Liceo La Asuncion | G115: Dylan Eduardo Agustin Muñoz Muñoz | H115: 25268660-6 | J115: ="replace nombre = """&G115&""" if folio == """&A115&"""" -> replace nombre = "Dylan Eduardo Agustin Muñoz Muñoz" if folio == "47624A6" | K115: ="replace rut = """&H115&""" if folio == """&A115&"""" -> replace rut = "25268660-6" if folio == "47624A6"
A116: 47624A7 | B116: 4 | C116: A | D116: Enrique M. Santamaría Gómez | E116: - | F116: Liceo La Asuncion | G116: Enrique | H116: 25125774-4 | J116: ="replace nombre = """&G116&""" if folio == """&A116&"""" -> replace nombre = "Enrique " if folio == "47624A7" | K116: ="replace rut = """&H116&""" if folio == """&A116&"""" -> replace rut = "25125774-4" if folio == "47624A7"
A117: 47624B2 | B117: 4 | C117: B | D117: Benjamin Yohstin Gaimano Galba | E117: - | F117: Liceo La Asuncion | G117: Benjamín Sebastian Rodriguez Balboa | H117: 25075609-7 | J117: ="replace nombre = """&G117&""" if folio == """&A117&"""" -> replace nombre = "Benjamín Sebastian Rodriguez Balboa" if folio == "47624B2" | K117: ="replace rut = """&H117&""" if folio == """&A117&"""" -> replace rut = "25075609-7" if folio == "47624B2"
A118: 47624B3 | B118: 4 | C118: B | D118: LEON MONTERO GARCIA BAUTISTA | E118: - | F118: Liceo La Asuncion | G118: León Bautista Montes Garcia | H118: 25086692-5 | J118: ="replace nombre = """&G118&""" if folio == """&A118&"""" -> replace nombre = "León Bautista Montes Garcia" if folio == "47624B3" | K118: ="replace rut = """&H118&""" if folio == """&A118&"""" -> replace rut = "25086692-5" if folio == "47624B3"
A119: 47624B4 | B119: 4 | C119: B | D119: Pablo Isabella Chávez Malaquita | E119: - | F119: Liceo La Asuncion | G119: Josefa Isabella Chavez Valenzuela | H119: 24944765-k | J119: ="replace nombre = """&G119&""" if folio == """&A119&"""" -> replace nombre = "Josefa Isabella Chavez Valenzuela" if folio == "47624B4" | K119: ="replace rut = """&H119&""" if folio == """&A119&"""" -> replace rut = "24944765-k" if folio == "47624B4"
A120: 47624B5 | B120: 4 | C120: B | D120: ACOSTA RAMIREZ, MARIA JOSE | E120: - | F120: Liceo La Asuncion | G120: Maximo Barrientos Carrasco | H120: 25295909-2 | J120: ="replace nombre = """&G120&""" if folio == """&A120&"""" -> replace nombre = "Maximo Barrientos Carrasco" if folio == "47624B5" | K120: ="replace rut = """&H120&""" if folio == """&A120&"""" -> replace rut = "25295909-2" if folio == "47624B5"
A121: 47624B6 | B121: 5 | C121: A | D121: MUÑOZ ANTONELLA | E121: - | F121: Liceo La Asuncion | G121: Antonella Muñoz Muñoz | J121: ="replace nombre = """&G121&""" if folio == """&A121&"""" -> replace nombre = "Antonella Muñoz Muñoz" if folio == "47624B6" | K121: ="replace rut = """&H121&""" if folio == """&A121&"""" -> replace rut = "" if folio == "47624B6"
A122: 47624B7 | B122: 4 | C122: B | D122: Thiago Yoelberth PINTO Herrera | E122: - | F122: Liceo La Asuncion | G122: Thiago Yoelberth Pinto Herrera | H122: 100442618-1 | J122: ="replace nombre = """&G122&""" if folio == """&A122&"""" -> replace nombre = "Thiago Yoelberth Pinto Herrera" if folio == "47624B7" | K122: ="replace rut = """&H122&""" if folio == """&A122&"""" -> replace rut = "100442618-1" if folio == "47624B7"
A123: 47625A2 | B123: 5 | C123: A | D123: Eliodoro Palominos Vaca | E123: - | F123: Liceo La Asuncion | G123: Emilia Antonia Bastias Jara | H123: 24644415-3 | J123: ="replace nombre = """&G123&""" if folio == """&A123&"""" -> replace nombre = "Emilia Antonia Bastias Jara" if folio == "47625A2" | K123: ="replace rut = """&H123&""" if folio == """&A123&"""" -> replace rut = "24644415-3" if folio == "47625A2"
A124: 47625A3 | B124: 4 | C124: A | D124: ACOSTA MEDINA, MARIANA SOFIA | E124: - | F124: Liceo La Asuncion | J124: ="replace nombre = """&G124&""" if folio == """&A124&"""" -> replace nombre = "" if folio == "47625A3" | K124: ="replace rut = """&H124&""" if folio == """&A124&"""" -> replace rut = "" if folio == "47625A3"
A125: 47625A4 | B125: 5 | C125: A | D125: Mardones Riquelme, Vicente Esteban | E125: - | F125: Liceo La Asuncion | G125: Mardones Riquelme, Vicente Esteban | H125: 24802713-4 | J125: ="replace nombre = """&G125&""" if folio == """&A125&"""" -> replace nombre = "Mardones Riquelme, Vicente Esteban" if folio == "47625A4" | K125: ="replace rut = """&H125&""" if folio == """&A125&"""" -> replace rut = "24802713-4" if folio == "47625A4"
A126: 47625A5 | B126: 5 | C126: A | D126: dominique Constanza orneno oredo | E126: - | F126: Liceo La Asuncion | G126: dominique Constanza ormeño aedo | H126: 24486123-4 | J126: ="replace nombre = """&G126&""" if folio == """&A126&"""" -> replace nombre = "dominique Constanza ormeño aedo" if folio == "47625A5" | K126: ="replace rut = """&H126&""" if folio == """&A126&"""" -> replace rut = "24486123-4" if folio == "47625A5"
A127: 47625A6 | B127: 5 | C127: A | D127: Juan José Puga Valenzuela | E127: - | F127: Liceo La Asuncion | G127: Diego Ignacio Inostroza Valenzuela | H127: 24790757-2 | J127: ="replace nombre = """&G127&""" if folio == """&A127&"""" -> replace nombre = "Diego Ignacio Inostroza Valenzuela" if folio == "47625A6" | K127: ="replace rut = """&H127&""" if folio == """&A127&"""" -> replace rut = "24790757-2" if folio == "47625A6"
A128: 47625A7 | B128: 5 | C128: A | D128: SAGREDO RODRIGUEZ JOSE | E128: - | F128: Liceo La Asuncion | G128: Ignacia Oaz Espinoza Vega | H128: 24664144-7 | J128: ="replace nombre = """&G128&""" if folio == """&A128&"""" -> replace nombre = "Ignacia Oaz Espinoza Vega" if folio == "47625A7" | K128: ="replace rut = """&H128&""" if folio == """&A128&"""" -> replace rut = "24664144-7" if folio == "47625A7"
A129: 47625B2 | B129: 5 | C129: B | D129: NIGGER ALONSO BRAVO ESTRADA | E129: - | F129: Liceo La Asuncion | G129: Niguer Alonso Bustos Estrada | H129: 24819057-4 | J129: ="replace nombre = """&G129&""" if folio == """&A129&"""" -> replace nombre = "Niguer Alonso Bustos Estrada" if folio == "47625B2" | K129: ="replace rut = """&H129&""" if folio == """&A129&"""" -> replace rut = "24819057-4" if folio == "47625B2"
A130: 47625B3 | B130: 5 | C130: A | D130: MAIRA XIMENA SAN MARTIN MILLET | E130: - | F130: Liceo La Asuncion | G130: Maira Ynes San Martin Millet | H130: 24112460-9 | J130: ="replace nombre = """&G130&""" if folio == """&A130&"""" -> replace nombre = "Maira Ynes San Martin Millet" if folio == "47625B3" | K130: ="replace rut = """&H130&""" if folio == """&A130&"""" -> replace rut = "24112460-9" if folio == "47625B3"
A131: 47625B4 | B131: 5 | C131: B | D131: Artidor Cervantes Nicolas Andres Ramirez Contreras | E131: - | F131: Liceo La Asuncion | G131: Nicolas Andres Ramirez Contreras | H131: 24905038-5 | J131: ="replace nombre = """&G131&""" if folio == """&A131&"""" -> replace nombre = "Nicolas Andres Ramirez Contreras" if folio == "47625B4" | K131: ="replace rut = """&H131&""" if folio == """&A131&"""" -> replace rut = "24905038-5" if folio == "47625B4"
A132: 47625B5 | B132: 5 | C132: B | D132: CAMILA IGNACIA ULLOA ROJAS | E132: - | F132: Liceo La Asuncion | G132: Camila Ignacia Pulgar Ruiz | H132: 24783151-k | J132: ="replace nombre = """&G132&""" if folio == """&A132&"""" -> replace nombre = "Camila Ignacia Pulgar Ruiz" if folio == "47625B5" | K132: ="replace rut = """&H132&""" if folio == """&A132&"""" -> replace rut = "24783151-k" if folio == "47625B5"
A133: 47824A2 | B133: 4 | C133: A | D133: CERDA PARDO JOSEFA ANTONELLA ISSIDORA | E133: - | F133: Centro Educación Evangélico De Hualpén | G133: Cerda Pardo Josefa Antonella Issidora | H133: 25076681-5 | J133: ="replace nombre = """&G133&""" if folio == """&A133&"""" -> replace nombre = "Cerda Pardo Josefa Antonella Issidora" if folio == "47824A2" | K133: ="replace rut = """&H133&""" if folio == """&A133&"""" -> replace rut = "25076681-5" if folio == "47824A2"
A134: 47824A3 | B134: 4 | C134: A | D134: Maite agustina corte, paloma | E134: - | F134: Centro Educación Evangélico De Hualpén | G134: Maite Agustina Cortez Coloma | H134: 25138401-0 | J134: ="replace nombre = """&G134&""" if folio == """&A134&"""" -> replace nombre = "Maite Agustina Cortez Coloma " if folio == "47824A3" | K134: ="replace rut = """&H134&""" if folio == """&A134&"""" -> replace rut = "25138401-0" if folio == "47824A3"
A135: 47824A4 | B135: 4 | C135: A | D135: Leonor Aurora Cuervo Ortiz | E135: - | F135: Centro Educación Evangélico De Hualpén | G135: Leonor Aurora Cuevas Ortiz | H135: 25117039-8 | J135: ="replace nombre = """&G135&""" if folio == """&A135&"""" -> replace nombre = "Leonor Aurora Cuevas Ortiz " if folio == "47824A4" | K135: ="replace rut = """&H135&""" if folio == """&A135&"""" -> replace rut = "25117039-8" if folio == "47824A4"
A136: 47824A5 | B136: 4 | C136: A | D136: Mia Ygnacia Zapata canales | E136: - | F136: Centro Educación Evangélico De Hualpén | G136: Mia Ignacia Zapata Canales | H136: 25216749-8 | J136: ="replace nombre = """&G136&""" if folio == """&A136&"""" -> replace nombre = "Mia Ignacia Zapata Canales " if folio == "47824A5" | K136: ="replace rut = """&H136&""" if folio == """&A136&"""" -> replace rut = "25216749-8" if folio == "47824A5"
... A160: 48684A6 | B160: 4 | C160: A | D160: BRUNO CAMPOS NAHUEL IGNACIO | E160: - | F160: Colegio Luis Amigo | G160: Campos Sandoval Bruno Ernesto | H160: 242344759-6 | J160: ="replace nombre = """&G160&""" if folio == """&A160&"""" -> replace nombre = "Campos Sandoval Bruno Ernesto " if folio == "48684A6" | K160: ="replace rut = """&H160&""" if folio == """&A160&"""" -> replace rut = "242344759-6" if folio == "48684A6"
A161: 48685A2 | B161: 5 | C161: A | D161: GÓMEZ HIGUERA ÁLVARO EMILIANO | E161: - | F161: Colegio Luis Amigo | J161: ="replace nombre = """&G161&""" if folio == """&A161&"""" -> replace nombre = "" if folio == "48685A2" | K161: ="replace rut = """&H161&""" if folio == """&A161&"""" -> replace rut = "" if folio == "48685A2"
A162: 49734A2 | B162: 4 | C162: A | D162: ALEXANDER MAXIMILIANO CAMPOS SILVA | E162: - | F162: Instituto Humanidades San Francisco De Asis | G162: Alexander Maximiliano Campos Silva | H162: 25111561-3 | J162: ="replace nombre = """&G162&""" if folio == """&A162&"""" -> replace nombre = "Alexander Maximiliano Campos Silva" if folio == "49734A2" | K162: ="replace rut = """&H162&""" if folio == """&A162&"""" -> replace rut = "25111561-3" if folio == "49734A2"
A163: 49734A3 | B163: 4 | C163: A | D163: AGUSTINA CABRERA SANTIBAÑEZ | E163: - | F163: Instituto Humanidades San Francisco De Asis | G163: Agustina Cabrera Santibañez | H163: 24833027-9 | J163: ="replace nombre = """&G163&""" if folio == """&A163&"""" -> replace nombre = "Agustina Cabrera Santibañez" if folio == "49734A3" | K163: ="replace rut = """&H163&""" if folio == """&A163&"""" -> replace rut = "24833027-9" if folio == "49734A3"
A164: 49734A4 | B164: 4 | C164: A | D164: Matos Ruiz, Yidael | E164: - | F164: Instituto Humanidades San Francisco De Asis | G164: Matias Ruiz Vidal | H164: 25308473-1 | J164: ="replace nombre = """&G164&""" if folio == """&A164&"""" -> replace nombre = "Matias Ruiz Vidal" if folio == "49734A4" | K164: ="replace rut = """&H164&""" if folio == """&A164&"""" -> replace rut = "25308473-1" if folio == "49734A4"
A165: 49734A5 | B165: 4 | C165: A | D165: Rodrigo Aravena Saez | E165: - | F165: Instituto Humanidades San Francisco De Asis | G165: Rodrigo Aravena Saez | H165: 25036461-k | J165: ="replace nombre = """&G165&""" if folio == """&A165&"""" -> replace nombre = "Rodrigo Aravena Saez" if folio == "49734A5" | K165: ="replace rut = """&H165&""" if folio == """&A165&"""" -> replace rut = "25036461-k" if folio == "49734A5"
A166: 49734B2 | B166: 4 | C166: B | D166: Maldonado William Andres Cues Novoa | E166: - | F166: Instituto Humanidades San Francisco De Asis | G166: Matias Saez Novoa | H166: 25329617-8 | J166: ="replace nombre = """&G166&""" if folio == """&A166&"""" -> replace nombre = "Matias Saez Novoa" if folio == "49734B2" | K166: ="replace rut = """&H166&""" if folio == """&A166&"""" -> replace rut = "25329617-8" if folio == "49734B2"
A167: 49734B3 | B167: 4 | C167: B | D167: Maite Fica Sanhueza | E167: - | F167: Instituto Humanidades San Francisco De Asis | G167: Maite Fica Sanhueza | H167: 24953269-k | J167: ="replace nombre = """&G167&""" if folio == """&A167&"""" -> replace nombre = "Maite Fica Sanhueza" if folio == "49734B3" | K167: ="replace rut = """&H167&""" if folio == """&A167&"""" -> replace rut = "24953269-k" if folio == "49734B3"
A168: 49734B4 | B168: 4 | C168: B | D168: Florencia Arlett Vidal Puño | E168: - | F168: Instituto Humanidades San Francisco De Asis | G168: Florencia Arlett Vidal Pino | H168: 25212513-2 | J168: ="replace nombre = """&G168&""" if folio == """&A168&"""" -> replace nombre = "Florencia Arlett Vidal Pino" if folio == "49734B4" | K168: ="replace rut = """&H168&""" if folio == """&A168&"""" -> replace rut = "25212513-2" if folio == "49734B4"
A169: 49734B5 | B169: 4 | C169: B | D169: Basefa Parra Josefa Amanda Paffey Mellacho | E169: - | F169: Instituto Humanidades San Francisco De Asis | G169: Josefa Parra Mellado | H169: 25233715-6 | J169: ="replace nombre = """&G169&""" if folio == """&A169&"""" -> replace nombre = "Josefa Parra Mellado" if folio == "49734B5" | K169: ="replace rut = """&H169&""" if folio == """&A169&"""" -> replace rut = "25233715-6" if folio == "49734B5"
A170: 49735A10 | B170: 5 | C170: A | D170: QUIMMY FERNANDES BENJAMIN MUÑOZ | E170: - | F170: Instituto Humanidades San Francisco De Asis | G170: Benjamin Muñoz | H170: 24593711-3 | J170: ="replace nombre = """&G170&""" if folio == """&A170&"""" -> replace nombre = "Benjamin Muñoz" if folio == "49735A10" | K170: ="replace rut = """&H170&""" if folio == """&A170&"""" -> replace rut = "24593711-3" if folio == "49735A10"
A171: 49735A2 | B171: 5 | C171: A | D171: Rossecarrasio (RU) Maribel | E171: - | F171: Instituto Humanidades San Francisco De Asis | G171: Marivel Carrasco Cruz | H171: 24806103-0 | J171: ="replace nombre = """&G172&""" if folio == """&A171&"""" -> replace nombre = "Vicente Emiliano Segura Arken" if folio == "49735A2" | K171: ="replace rut = """&H172&""" if folio == """&A171&"""" -> replace rut = "24634684-4" if folio == "49735A2"
A172: 49735A3 | B172: 5 | C172: A | D172: Vicente Emiliano Segura Aiken | E172: - | F172: Instituto Humanidades San Francisco De Asis | G172: Vicente Emiliano Segura Arken | H172: 24634684-4 | J172: ="replace nombre = """&G173&""" if folio == """&A172&"""" -> replace nombre = "Manuel Alexander Fierro Espejo" if folio == "49735A3" | K172: ="replace rut = """&H173&""" if folio == """&A172&"""" -> replace rut = "24681987-4" if folio == "49735A3"
A173: 49735A4 | B173: 5 | C173: A | D173: Manuel Fierro Espejo Alexander | E173: - | F173: Instituto Humanidades San Francisco De Asis | G173: Manuel Alexander Fierro Espejo | H173: 24681987-4 | J173: ="replace nombre = """&G174&""" if folio == """&A173&"""" -> replace nombre = "Maite Nicole Pergola Velasquez" if folio == "49735A4" | K173: ="replace rut = """&H174&""" if folio == """&A173&"""" -> replace rut = "24900366-2" if folio == "49735A4"
A174: 49735A5 | B174: 5 | C174: A | D174: Maite Nicole Pargola Velasquez | E174: - | F174: Instituto Humanidades San Francisco De Asis | G174: Maite Nicole Pergola Velasquez | H174: 24900366-2 | J174: ="replace nombre = """&G175&""" if folio == """&A174&"""" -> replace nombre = "Renata trinidad Irribarra Muñoz" if folio == "49735A5" | K174: ="replace rut = """&H175&""" if folio == """&A174&"""" -> replace rut = "24884390-7" if folio == "49735A5"
A175: 49735A6 | B175: 5 | C175: A | D175: Rovaton Urniharren Muñoz | E175: - | F175: Instituto Humanidades San Francisco De Asis | G175: Renata trinidad Irribarra Muñoz | H175: 24884390-7 | J175: ="replace nombre = """&G176&""" if folio == """&A175&"""" -> replace nombre = "Rocio Rebolledo" if folio == "49735A6" | K175: ="replace rut = """&H176&""" if folio == """&A175&"""" -> replace rut = "24926591-8" if folio == "49735A6"
A176: 49735A7 | B176: 5 | C176: A | D176: Rocio Rebolledo | E176: - | F176: Instituto Humanidades San Francisco De Asis | G176: Rocio Rebolledo | H176: 24926591-8 | J176: ="replace nombre = """&G177&""" if folio == """&A176&"""" -> replace nombre = "Fernanda Isidora Rifo Escobar" if folio == "49735A7" | K176: ="replace rut = """&H177&""" if folio == """&A176&"""" -> replace rut = "24766688-5" if folio == "49735A7"
...

Sheet rbds
A1: nom_est | B1: rbd | C1: region
A2: Andalien de Colina | B2: 10404 | C2: 13 | E2: ="replace nom_est = """&A2&""" if rbd == "&B2 -> replace nom_est = "Andalien de Colina" if rbd == 10404 | F2: ="replace region = "&C2&" if rbd == "&B2 -> replace region = 13 if rbd == 10404
A3: Centro Educación Evangélico De Hualpén | B3: 4782 | C3: 8 | E3: ="replace nom_est = """&A3&""" if rbd == "&B3 -> replace nom_est = "Centro Educación Evangélico De Hualpén" if rbd == 4782 | F3: ="replace region = "&C3&" if rbd == "&B3 -> replace region = 8 if rbd == 4782
A4: Colegio Alto del Maipo | B4: 31253 | C4: 13 | E4: ="replace nom_est = """&A4&""" if rbd == "&B4 -> replace nom_est = "Colegio Alto del Maipo" if rbd == 31253 | F4: ="replace region = "&C4&" if rbd == "&B4 -> replace region = 13 if rbd == 31253
A5: Colegio Colegio Martín Luther | B5: 4650 | C5: 8 | E5: ="replace nom_est = """&A5&""" if rbd == "&B5 -> replace nom_est = "Colegio Colegio Martín Luther" if rbd == 4650 | F5: ="replace region = "&C5&" if rbd == "&B5 -> replace region = 8 if rbd == 4650
A6: Colegio Inmaculada Concepcion | B6: 2455 | C6: 6 | E6: ="replace nom_est = """&A6&""" if rbd == "&B6 -> replace nom_est = "Colegio Inmaculada Concepcion" if rbd == 2455 | F6: ="replace region = "&C6&" if rbd == "&B6 -> replace region = 6 if rbd == 2455
A7: Colegio Instituto San Jose | B7: 5153 | C7: 8 | E7: ="replace nom_est = """&A7&""" if rbd == "&B7 -> replace nom_est = "Colegio Instituto San Jose" if rbd == 5153 | F7: ="replace region = "&C7&" if rbd == "&B7 -> replace region = 8 if rbd == 5153
A8: Colegio instituto San Luis de Curacaví | B8: 10851 | C8: 13 | E8: ="replace nom_est = """&A8&""" if rbd == "&B8 -> replace nom_est = "Colegio instituto San Luis de Curacaví" if rbd == 10851 | F8: ="replace region = "&C8&" if rbd == "&B8 -> replace region = 13 if rbd == 10851
A9: Colegio Luis Amigo | B9: 4868 | C9: 8 | E9: ="replace nom_est = """&A9&""" if rbd == "&B9 -> replace nom_est = "Colegio Luis Amigo" if rbd == 4868 | F9: ="replace region = "&C9&" if rbd == "&B9 -> replace region = 8 if rbd == 4868
A10: Colegio Particular Subv. Children School | B10: 15515 | C10: 6 | E10: ="replace nom_est = """&A10&""" if rbd == "&B10 -> replace nom_est = "Colegio Particular Subv. Children School" if rbd == 15515 | F10: ="replace region = "&C10&" if rbd == "&B10 -> replace region = 6 if rbd == 15515
A11: Colegio Particular Whipple School | B11: 2155 | C11: 6 | E11: ="replace nom_est = """&A11&""" if rbd == "&B11 -> replace nom_est = "Colegio Particular Whipple School" if rbd == 2155 | F11: ="replace region = "&C11&" if rbd == "&B11 -> replace region = 6 if rbd == 2155
A12: Colegio San José de Cabrero | B12: 4307 | C12: 8 | E12: ="replace nom_est = """&A12&""" if rbd == "&B12 -> replace nom_est = "Colegio San José de Cabrero" if rbd == 4307 | F12: ="replace region = "&C12&" if rbd == "&B12 -> replace region = 8 if rbd == 4307
A13: Colegio San Manuel | B13: 24675 | C13: 13 | E13: ="replace nom_est = """&A13&""" if rbd == "&B13 -> replace nom_est = "Colegio San Manuel" if rbd == 24675 | F13: ="replace region = "&C13&" if rbd == "&B13 -> replace region = 13 if rbd == 24675
... A43: Liceo Municipal f-n° 860 | B43: 10835 | C43: 13 | E43: ="replace nom_est = """&A43&""" if rbd == "&B43 -> replace nom_est = "Liceo Municipal f-n° 860" if rbd == 10835 | F43: ="replace region = "&C43&" if rbd == "&B43 -> replace region = 13 if rbd == 10835

Sheet 4_5_count
A1: school_grade | B1: rbd | C1: curso | D1: letra
A2: =B2&"-"&C2&"-"&D2 -> 2155-4-A | B2: 2155 | C2: 4 | D2: A
A3: =B3&"-"&C3&"-"&D3 -> 2155-4-A | B3: 2155 | C3: 4 | D3: A
A4: =B4&"-"&C4&"-"&D4 -> 2155-4-A | B4: 2155 | C4: 4 | D4: A
A5: =B5&"-"&C5&"-"&D5 -> 2155-4-A | B5: 2155 | C5: 4 | D5: A
A6: =B6&"-"&C6&"-"&D6 -> 2155-5-A | B6: 2155 | C6: 5 | D6: A
A7: =B7&"-"&C7&"-"&D7 -> 2155-5-A | B7: 2155 | C7: 5 | D7: A
A8: =B8&"-"&C8&"-"&D8 -> 2155-5-A | B8: 2155 | C8: 5 | D8: A
A9: =B9&"-"&C9&"-"&D9 -> 2155-5-A | B9: 2155 | C9: 5 | D9: A
A10: =B10&"-"&C10&"-"&D10 -> 2155-5-A | B10: 2155 | C10: 5 | D10: A
A11: =B11&"-"&C11&"-"&D11 -> 2155-5-A | B11: 2155 | C11: 5 | D11: A
A12: =B12&"-"&C12&"-"&D12 -> 2155-5-A | B12: 2155 | C12: 5 | D12: A
A13: =B13&"-"&C13&"-"&D13 -> 2155-4-A | B13: 2155 | C13: 4 | D13: A
... A4068: =B4068&"-"&C4068&"-"&D4068 -> 40038-5-B | B4068: 40038 | C4068: 5 | D4068: B

Sheet 6_7_count
A1: school_grade | B1: rbd | C1: curso | D1: letra
A2: =B2&"-"&C2&"-"&D2 -> 2155-6-A | B2: 2155 | C2: 6 | D2: A
A3: =B3&"-"&C3&"-"&D3 -> 2155-6-A | B3: 2155 | C3: 6 | D3: A
A4: =B4&"-"&C4&"-"&D4 -> 2155-6-A | B4: 2155 | C4: 6 | D4: A
A5: =B5&"-"&C5&"-"&D5 -> 2155-6-A | B5: 2155 | C5: 6 | D5: A
A6: =B6&"-"&C6&"-"&D6 -> 2155-6-A | B6: 2155 | C6: 6 | D6: A
A7: =B7&"-"&C7&"-"&D7 -> 2155-6-A | B7: 2155 | C7: 6 | D7: A
A8: =B8&"-"&C8&"-"&D8 -> 2155-6-A | B8: 2155 | C8: 6 | D8: A
A9: =B9&"-"&C9&"-"&D9 -> 2155-6-A | B9: 2155 | C9: 6 | D9: A
A10: =B10&"-"&C10&"-"&D10 -> 2155-6-A | B10: 2155 | C10: 6 | D10: A
A11: =B11&"-"&C11&"-"&D11 -> 2155-6-A | B11: 2155 | C11: 6 | D11: A
A12: =B12&"-"&C12&"-"&D12 -> 2155-6-A | B12: 2155 | C12: 6 | D12: A
A13: =B13&"-"&C13&"-"&D13 -> 2155-6-A | B13: 2155 | C13: 6 | D13: A
... A3017: =B3017&"-"&C3017&"-"&D3017 -> 10835-7-A | B3017: 10835 | C3017: 7 | D3017: A
A3018: =B3018&"-"&C3018&"-"&D3018 -> 10835--A | B3018: 10835 | D3018: A
A3019: =B3019&"-"&C3019&"-"&D3019 -> 10836-6-A | B3019: 10836 | C3019: 6 | D3019: A
A3020: =B3020&"-"&C3020&"-"&D3020 -> 10836-6-A | B3020: 10836 | C3020: 6 | D3020: A
A3021: =B3021&"-"&C3021&"-"&D3021 -> 10836-6-A | B3021: 10836 | C3021: 6 | D3021: A
A3022: =B3022&"-"&C3022&"-"&D3022 -> 10836-6-A | B3022: 10836 | C3022: 6 | D3022: A
A3023: =B3023&"-"&C3023&"-"&D3023 -> 10836-6-A | B3023: 10836 | C3023: 6 | D3023: A
A3024: =B3024&"-"&C3024&"-"&D3024 -> 10836-6-A | B3024: 10836 | C3024: 6 | D3024: A
A3025: =B3025&"-"&C3025&"-"&D3025 -> 10836-6-A | B3025: 10836 | C3025: 6 | D3025: A
A3026: =B3026&"-"&C3026&"-"&D3026 -> 10836-6-A | B3026: 10836 | C3026: 6 | D3026: A
A3027: =B3027&"-"&C3027&"-"&D3027 -> 10836-6-A | B3027: 10836 | C3027: 6 | D3027: A
A3028: =B3028&"-"&C3028&"-"&D3028 -> 10836-6-A | B3028: 10836 | C3028: 6 | D3028: A
A3029: =B3029&"-"&C3029&"-"&D3029 -> 10836-6-A | B3029: 10836 | C3029: 6 | D3029: A
A3030: =B3030&"-"&C3030&"-"&D3030 -> 10836-6-A | B3030: 10836 | C3030: 6 | D3030: A
... A3313: =B3313&"-"&C3313&"-"&D3313 -> 10851-7-A | B3313: 10851 | C3313: 7 | D3313: A
A3314: =B3314&"-"&C3314&"-"&D3314 -> 10851--A | B3314: 10851 | D3314: A
A3315: =B3315&"-"&C3315&"-"&D3315 -> 11248-6-A | B3315: 11248 | C3315: 6 | D3315: A
A3316: =B3316&"-"&C3316&"-"&D3316 -> 11248-6-A | B3316: 11248 | C3316: 6 | D3316: A
A3317: =B3317&"-"&C3317&"-"&D3317 -> 11248-6-A | B3317: 11248 | C3317: 6 | D3317: A
A3318: =B3318&"-"&C3318&"-"&D3318 -> 11248-6-A | B3318: 11248 | C3318: 6 | D3318: A
A3319: =B3319&"-"&C3319&"-"&D3319 -> 11248-6-A | B3319: 11248 | C3319: 6 | D3319: A
A3320: =B3320&"-"&C3320&"-"&D3320 -> 11248-6-A | B3320: 11248 | C3320: 6 | D3320: A
A3321: =B3321&"-"&C3321&"-"&D3321 -> 11248-6-A | B3321: 11248 | C3321: 6 | D3321: A
A3322: =B3322&"-"&C3322&"-"&D3322 -> 11248-6-A | B3322: 11248 | C3322: 6 | D3322: A
A3323: =B3323&"-"&C3323&"-"&D3323 -> 11248-6-A | B3323: 11248 | C3323: 6 | D3323: A
A3324: =B3324&"-"&C3324&"-"&D3324 -> 11248-6-A | B3324: 11248 | C3324: 6 | D3324: A
A3325: =B3325&"-"&C3325&"-"&D3325 -> 11248-6-A | B3325: 11248 | C3325: 6 | D3325: A
A3326: =B3326&"-"&C3326&"-"&D3326 -> 11248-6-A | B3326: 11248 | C3326: 6 | D3326: A
... A4044: =B4044&"-"&C4044&"-"&D4044 -> 40038-7-B | B4044: 40038 | C4044: 7 | D4044: B
A4045: =B4045&"-"&C4045&"-"&D4045 -> --
A4046: =B4046&"-"&C4046&"-"&D4046 -> --
A4047: =B4047&"-"&C4047&"-"&D4047 -> --
A4048: =B4048&"-"&C4048&"-"&D4048 -> --
A4049: =B4049&"-"&C4049&"-"&D4049 -> --
A4050: =B4050&"-"&C4050&"-"&D4050 -> --
A4051: =B4051&"-"&C4051&"-"&D4051 -> --
A4052: =B4052&"-"&C4052&"-"&D4052 -> --
A4053: =B4053&"-"&C4053&"-"&D4053 -> --
A4054: =B4054&"-"&C4054&"-"&D4054 -> --
A4055: =B4055&"-"&C4055&"-"&D4055 -> --
A4056: =B4056&"-"&C4056&"-"&D4056 -> --
... A4125: =B4125&"-"&C4125&"-"&D4125 -> --

Sheet Encuesta CON Folios
A1: rbd | B1: region | C1: nom_est | D1: curso | E1: letra | F1: FOLIO
A2: 10404 | B2: 13 | C2: Andalien de Colina | D2: 4 | E2: A | F2: =concat(concat(A2,D2), E2) -> 104044A
A3: 10404 | B3: 13 | C3: Andalien de Colina | D3: 5 | E3: A | F3: =concat(concat(A3,D3), E3) -> 104045A
A4: 10404 | B4: 13 | C4: Andalien de Colina | D4: 5 | E4: B | F4: =concat(concat(A4,D4), E4) -> 104045B
A5: 10404 | B5: 13 | C5: Andalien de Colina | D5: 4 | E5: B | F5: =concat(concat(A5,D5), E5) -> 104044B
A6: 4782 | B6: 8 | C6: Centro Educación Evangélico De Hualpén | D6: 4 | E6: A | F6: =concat(concat(A6,D6), E6) -> 47824A
A7: 4782 | B7: 8 | C7: Centro Educación Evangélico De Hualpén | D7: 4 | E7: B | F7: =concat(concat(A7,D7), E7) -> 47824B
A8: 4782 | B8: 8 | C8: Centro Educación Evangélico De Hualpén | D8: 5 | E8: A | F8: =concat(concat(A8,D8), E8) -> 47825A
A9: 4782 | B9: 8 | C9: Centro Educación Evangélico De Hualpén | D9: 5 | E9: B | F9: =concat(concat(A9,D9), E9) -> 47825B
A10: 31253 | B10: 13 | C10: Colegio Alto del Maipo | D10: 4 | E10: A | F10: =concat(concat(A10,D10), E10) -> 312534A
A11: 31253 | B11: 13 | C11: Colegio Alto del Maipo | D11: 5 | E11: A | F11: =concat(concat(A11,D11), E11) -> 312535A
A12: 4650 | B12: 8 | C12: Colegio Colegio Martín Luther | D12: 4 | E12: A | F12: =concat(concat(A12,D12), E12) -> 46504A
A13: 4650 | B13: 8 | C13: Colegio Colegio Martín Luther | D13: 5 | E13: A | F13: =concat(concat(A13,D13), E13) -> 46505A
... A209: 10835 | B209: 13 | C209: Liceo Municipal f-n° 860 | D209: 6 | E209: A | F209: =concat(concat(A209,D209), E209) -> 108356A
C6229: ANDALIEN DE COLINA | D6229: 7 | E6229: a | F6229: 102064 | G6229: 102058 | H6229: 102036 | I6229: 102041 | J6229: 102056 | K6229: 102035 | L6229: 102065 | M6229: 102047
C6230: ANDALIEN DE COLINA | D6230: 7 | E6230: b | F6230: 102028
C6231: ANDALIEN DE COLINA | D6231: 6 | E6231: a | F6231: 102123
C6232: ANDALIEN DE COLINA | D6232: 6 | E6232: b | F6232: 102084 | G6232: 102076 | H6232: 102094
C6233: ANDALIEN DE COLINA | D6233: 5 | E6233: b | F6233: 101101 | G6233: 101080 | H6233: 101073 | I6233: 101081
C6234: ANDALIEN DE COLINA | D6234: 5 | E6234: a | F6234: 101049 | G6234: 101056 | H6234: 101035 | I6234: 101054
C6235: ANDALIEN DE COLINA | D6235: 4 | E6235: a | F6235: 101024 | G6235: 101016 | H6235: 101016 | I6235: 101010 | J6235: 101014 | K6235: 101017
C6236: ANDALIEN DE COLINA | D6236: 4 | E6236: b | F6236: 101124 | G6236: 101120 | H6236: 101113
C6237: ESCUELA BASICA SANTA MARTA DE LIRAY | D6237: 7 | E6237: a | F6237: 452089 | G6237: 452114
C6238: ESCUELA BASICA SANTA MARTA DE LIRAY | D6238: 6 | E6238: a | F6238: 542010 | G6238: 452003 | H6238: 452018 | I6238: 452002
C6239: ESCUELA BASICA SANTA MARTA DE LIRAY | D6239: 6 | E6239: b | F6239: 452064
C6240: ESCUELA BASICA SANTA MARTA DE LIRAY | D6240: 5 | E6240: a
C6241: ESCUELA BASICA SANTA MARTA DE LIRAY | D6241: 4 | E6241: a
C6242: Colegio San José de Cabrero | D6242: 7 | E6242: a | F6242: 262085
C6243: Colegio San José de Cabrero | D6243: 7 | E6243: b | F6243: 262130 | G6243: 262151
C6244: Colegio San José de Cabrero | D6244: 6 | E6244: a | F6244: 262031 | G6244: 262028 | H6244: 262013
C6245: Colegio San José de Cabrero | D6245: 6 | E6245: b
C6246: Colegio San José de Cabrero | D6246: 5 | E6246: a
C6247: Colegio San José de Cabrero | D6247: 5 | E6247: b | F6247: 261154
C6248: Colegio San José de Cabrero | D6248: 4 | E6248: a | F6248: 261034
C6249: Colegio San José de Cabrero | D6249: 4 | E6249: b | F6249: 261071
C6250: Centro Educación Evangélico De Hualpén | D6250: 7 | E6250: a | F6250: 122085 | G6250: 122069
C6251: Centro Educación Evangélico De Hualpén | D6251: 7 | E6251: b
C6252: Centro Educación Evangélico De Hualpén | D6252: 6 | E6252: a | F6252: 122012
C6253: Centro Educación Evangélico De Hualpén | D6253: 6 | E6253: b
C6254: Centro Educación Evangélico De Hualpén | D6254: 5 | E6254: a
C6255: Centro Educación Evangélico De Hualpén | D6255: 5 | E6255: b | F6255: 121098
C6256: Centro Educación Evangélico De Hualpén | D6256: 4 | E6256: a
C6257: Centro Educación Evangélico De Hualpén | D6257: 4 | E6257: b
C6258: Liceo La Asuncion | D6258: 7 | E6258: a
C6259: Liceo La Asuncion | D6259: 7 | E6259: b
C6260: Liceo La Asuncion | D6260: 7 | E6260: c
C6261: Liceo La Asuncion | D6261: 7 | E6261: d
C6262: Liceo La Asuncion | D6262: 7 | E6262: e
C6263: Liceo La Asuncion | D6263: 6 | E6263: a
C6264: Liceo La Asuncion | D6264: 6 | E6264: b
C6265: Liceo La Asuncion | D6265: 6 | E6265: c
C6266: Liceo La Asuncion | D6266: 6 | E6266: d
C6267: Liceo La Asuncion | D6267: 6 | E6267: e
... C6273: Liceo La Asuncion | D6273: 4 | E6273: a
C6274: Liceo La Asuncion | D6274: 4 | E6274: b | F6274: 621038 | G6274: 621052
C6275: Liceo La Asuncion | D6275: 4 | E6275: c
C6276: Liceo La Asuncion | D6276: 4 | E6276: d
C6277: Liceo La Asuncion | D6277: 4 | E6277: e | F6277: 621364
C6278: Escuela El Saber | D6278: 7 | E6278: a
C6279: Escuela El Saber | D6279: 7 | E6279: b | F6279: 492123 | G6279: 492145
C6280: Escuela El Saber | D6280: 6 | E6280: a | F6280: 492000
C6281: Escuela El Saber | D6281: 6 | E6281: b | F6281: 492049
C6282: Escuela El Saber | D6282: 5 | E6282: a | F6282: 491044 | G6282: 491048 | H6282: 491117 | I6282: 491107
C6283: Escuela El Saber | D6283: 5 | E6283: b | F6283: 491052
C6284: Escuela El Saber | D6284: 4 | E6284: a | F6284: 491144 | G6284: 491156 | H6284: 491150
C6285: Escuela El Saber | D6285: 4 | E6285: b | F6285: 491010 | G6285: 491002
C6286: Instituto De Humanidades Antonio Moreno Casamitjana | D6286: 7 | E6286: a | F6286: 552112 | G6286: 552107
C6287: Instituto De Humanidades Antonio Moreno Casamitjana | D6287: 7 | E6287: b
C6288: Instituto De Humanidades Antonio Moreno Casamitjana | D6288: 6 | E6288: a | F6288: 552004
C6289: Instituto De Humanidades Antonio Moreno Casamitjana | D6289: 6 | E6289: b | F6289: 552056
C6290: Instituto De Humanidades Antonio Moreno Casamitjana | D6290: 5 | E6290: a | F6290: 551117
C6291: Instituto De Humanidades Antonio Moreno Casamitjana | D6291: 5 | E6291: b | F6291: 551147 | G6291: 551139
C6292: Instituto De Humanidades Antonio Moreno Casamitjana | D6292: 4 | E6292: a
C6293: Instituto De Humanidades Antonio Moreno Casamitjana | D6293: 4 | E6293: b | F6293: 551077
C6294: Colegio Instituto San Jose | D6294: 7 | E6294: a
C6295: Colegio Instituto San Jose | D6295: 6 | E6295: a | F6295: 192003
C6296: Colegio Instituto San Jose | D6296: 5 | E6296: a
C6297: Colegio Instituto San Jose | D6297: 4 | E6297: a
C6298: Colegio Colegio Martín Luther | D6298: 7 | E6298: a | F6298: 162052 | G6298: 162043 | H6298: 162059 | I6298: 162054 | J6298: 162051 | K6298: 162053 | L6298: 162037
C6299: Colegio Colegio Martín Luther | D6299: 6 | E6299: a | F6299: 162027 | G6299: 162024 | H6299: 162011 | I6299: 162009 | J6299: 162007 | K6299: 162030
C6300: Colegio Colegio Martín Luther | D6300: 5 | E6300: a | F6300: 161055 | G6300: 161048 | H6300: 161042 | I6300: 161031
C6301: Colegio Colegio Martín Luther | D6301: 4 | E6301: a | F6301: 161015 | G6301: 161001 | H6301: 161028 | I6301: 161004 | J6301: 161013
C6302: Colegio Padre Luis Amigó | D6302: 7 | E6302: a | F6302: 222055
C6303: Colegio Padre Luis Amigó | D6303: 6 | E6303: a
C6304: Colegio Padre Luis Amigó | D6304: 5 | E6304: a | F6304: 221043 | G6304: 221060
C6305: Colegio Padre Luis Amigó | D6305: 4 | E6305: a | F6305: 221005
C6306: Colegio Santa Luisa De Concepcion | D6306: 7 | E6306: a | F6306: 302093
C6307: Colegio Santa Luisa De Concepcion | D6307: 7 | E6307: b | F6307: 302101
C6308: Colegio Santa Luisa De Concepcion | D6308: 6 | E6308: a | F6308: 302023 | G6308: 302029
C6309: Colegio Santa Luisa De Concepcion | D6309: 6 | E6309: b | F6309: 302033 | G6309: 302035 | H6309: 302034 | I6309: 302044 | J6309: 302049
C6310: Colegio Santa Luisa De Concepcion | D6310: 5 | E6310: a
C6311: Colegio Santa Luisa De Concepcion | D6311: 5 | E6311: b | F6311: 301120
C6312: Colegio Santa Luisa De Concepcion | D6312: 4 | E6312: a | F6312: 301029
C6313: Colegio Santa Luisa De Concepcion | D6313: 4 | E6313: b | F6313: 301057
C6314: Colegio Inmaculada Concepcion | D6314: 7 | E6314: a
C6315: Colegio Inmaculada Concepcion | D6315: 7 | E6315: b
C6316: Colegio Inmaculada Concepcion | D6316: 7 | E6316: c
C6317: Colegio Inmaculada Concepcion | D6317: 6 | E6317: a
C6318: Colegio Inmaculada Concepcion | D6318: 6 | E6318: b
C6319: Colegio Inmaculada Concepcion | D6319: 6 | E6319: c
...

Sheet Encuesta SIN folio
A1: nom_est | B1: curso | C1: letra | D1: NOMBRE
A2: ANDALIEN DE COLINA | B2: 7 | C2: a | D2: MAITTE VALENZUELA. ALEJANDRA CALDERÓN. DUHAN ARCE. VICTORIA ORTIZ
A3: ANDALIEN DE COLINA | B3: 7 | C3: b | D3: JOSÉ RUBIO. ROSARIO PALOMO. SOFIA GODOY. DIEGO GODOY. MIJAIL MORENO.
A4: ANDALIEN DE COLINA | B4: 6 | C4: a | D4: TOMAS LOPEZ. JEFERSON VIDAL.YSIDORA PEREZ. ANTONELLA PONCE. YESSICA ELGUITA.
A5: ANDALIEN DE COLINA | B5: 6 | C5: b | D5: SOLEDAD URRUTIA. JEMERY CONTRERAS. JULIO CASTILLO. KENDRO SANCHEZ. SINAHI NEGRETTE. NAYLA MANAMI.
A6: ANDALIEN DE COLINA | B6: 5 | C6: b | D6: FLORENCIA BEZZOLO. AYELEN MOYANO. SAMANTH RALDILINEZ. SCLALAMIT SALINAS. MARTIN CALDERÓN.
A7: ANDALIEN DE COLINA | B7: 5 | C7: a | D7: TOMÁS VOLEYUCLO. VALENTINA GONZALES. VALERIA SANDOVAL. AMANDA MENDEZ. ANAIS DURÁN. JOHAN HERNANDEZ. JUAN FERNANDEZ
A8: ANDALIEN DE COLINA | B8: 4 | C8: a | D8: RAYEN URRUTIA. MILEY MORAN. VILCHES AMARAY. XIOMARA PALACIOS
A9: ANDALIEN DE COLINA | B9: 4 | C9: b | D9: DANIEL RUBIO. CATALINA REYES. JAVIER MAMANI
A10: ESCUELA BASICA SANTA MARTA DE LIRAY | B10: 7 | C10: a | D10: CATALINA FUENTEALBA.
A11: ESCUELA BASICA SANTA MARTA DE LIRAY | B11: 6 | C11: a | D11: DOMINIQUE VERGARA. AGUSTINA MORALES. AGUSTINA GUASTAFIERRO. LORDIN GOUVERNEUR. SAUL PARAELA. FELIPE ARANEDA. MARIA SILVA
A12: ESCUELA BASICA SANTA MARTA DE LIRAY | B12: 6 | C12: b | D12: RAYEN HUARACÁN
A13: ESCUELA BASICA SANTA MARTA DE LIRAY | B13: 5 | C13: a | D13: LEONOR SANCHEZ (SC). ALEXDANDER PIÑA. BASTIÁN RETAMAL. BENJAMIN HERNANDEZ. ESTEFANIA ARIAS. NICOLÁS BÁEZ. GABRIEL ESNOLADO. CATALINA PASTÉN.
... A30: Centro Educación Evangélico De Hualpén | B30: 4 | C30: b | D30: GIANELLA ESPARZA. MIA BASCUÑAN. MAXIMILIANO VIDAL.PEDRO NEIRA. JAVIERA MUÑOZ. AMY SEPÚLVEDA. ZHIAREM FIGUEROA
A31: Liceo La Asuncion | B31: 7 | C31: a
A32: Liceo La Asuncion | B32: 7 | C32: b
A33: Liceo La Asuncion | B33: 7 | C33: c
A34: Liceo La Asuncion | B34: 7 | C34: d
A35: Liceo La Asuncion | B35: 7 | C35: e
A36: Liceo La Asuncion | B36: 6 | C36: a
A37: Liceo La Asuncion | B37: 6 | C37: b
A38: Liceo La Asuncion | B38: 6 | C38: c
A39: Liceo La Asuncion | B39: 6 | C39: d
A40: Liceo La Asuncion | B40: 6 | C40: e
A41: Liceo La Asuncion | B41: 5 | C41: a
A42: Liceo La Asuncion | B42: 5 | C42: b
... A45: Liceo La Asuncion | B45: 5 | C45: e
A46: Liceo La Asuncion | B46: 4 | C46: a | D46: FELIOE SUAZO. SOFIA RODRIGUEZ. ANARELLA PINTO. SOFIA GUTIERREZ. DYEHAN MUÑOZ. ENRIQUE ALVAREZ.
A47: Liceo La Asuncion | B47: 4 | C47: b | D47: BENJAMÍN RODRIGUEZ. THIAGO PINTO. VALENTINA MUÑOZ. MAXIMO CARRAZCO. JOSEFA CHÁVEZ. LEON MONTERO
A48: Liceo La Asuncion | B48: 4 | C48: c | D48: FACUNDO RIVERA. EMILIA PALMA. TRINIDAD SAN MARTÍN.
A49: Liceo La Asuncion | B49: 4 | C49: d | D49: EMILY ACEVEDO. PEDRO ROMERO. JOSEFA FAÚNDEZ. NOEMY LÓPEZ. ROCÍO HENRIQUEZ.
A50: Liceo La Asuncion | B50: 4 | C50: e | D50: JAVIER YEPSEN. MARTINA VILUGRÓN. JOSEFA RODRIGUEZ. MARTINA PINO. RENATO VASQUEZ. THOMÁS RIQUELME
A51: Escuela El Saber | B51: 7 | C51: a | D51: DARWIN GARCÉS. CRISTOBAL CID. MAXIMILIANO SALINAS.
A52: Escuela El Saber | B52: 7 | C52: b | D52: BENJAMÍN FIERRO.DANIEL VIVALLOS. MATÍAS NAVARRETE. AYNARA COLIHUINCA.
A53: Escuela El Saber | B53: 6 | C53: a | D53: VICENTE GÓMEZ. EMILIA CARRASCO
A54: Escuela El Saber | B54: 6 | C54: b | D54: DAMIÁN HIDALGO. YATNIEL NAVARRETE.NICLÁS MUÑOZ.
A55: Escuela El Saber | B55: 5 | C55: a | D55: MATIAS ELIOCU. MATEO CEA.
A56: Escuela El Saber | B56: 5 | C56: b | D56: ROMINA IBARRA.MATEO VENEGAS. EMILIA CIFUENTES. PEDRO DURAN
A57: Escuela El Saber | B57: 4 | C57: a | D57: CATALINA BOBARDILLA.
... A99: ESC.BASICA FRANCISCO PETRINOVIC KARLOVAC | B99: 5 | C99: a | D99: JHADIEL CHIRI. CONSUELO ESPINOZA. DIEGO ROJAS. NEHEMIAS AMESTICA.
A100: ESC.BASICA FRANCISCO PETRINOVIC KARLOVAC | B100: 4 | C100: a
A101: Instituto San Sebastián Básico. | B101: 7 | C101: a | D101: FLORENCIA MORENO. HUGO GÓMEZ. ISADORA CRUZ. CRISTÓBAL LATORRE. AYLIN JARA. MARIA JOSÉ ACUÑA.
A102: Instituto San Sebastián Básico. | B102: 7 | C102: b | D102: SEBASTIÁN RIOS. ISIDORA ESCOBAR. MARÍA ESPARZA. PAZ SOTO. MAXIMILIANO PAREDES. MAURICIO FLORES. JOSEFA CÁRCAMO.
A103: Instituto San Sebastián Básico. | B103: 6 | C103: a | D103: DIEGO HEVIA.
A104: Instituto San Sebastián Básico. | B104: 6 | C104: b | D104: MATEO CID. FABIÁN NARVAEZ.
A105: Instituto San Sebastián Básico. | B105: 5 | C105: a | D105: MONSERRAT PAREDES. DAFNE SALAZAR.
A106: Instituto San Sebastián Básico. | B106: 5 | C106: b | D106: YORDAN ESCOBAR. LEONOR VARGAS. MARTÍN VALENZUELA.
A107: Instituto San Sebastián Básico. | B107: 4 | C107: a | D107: ALICIA INFANTE. FRANCISCA LAVIN. MAGDALENA ORDENES. NICOLAS AGUILERA
A108: Instituto San Sebastián Básico. | B108: 4 | C108: b | D108: AMARANTA DANIR. AMANDA MARRE. DIEGO CRISASTAMO. JORGE INFANTE. SOFÍA GONZALEZ.
A109: ESCUELA SAN FRANCISCO DE ASIS | B109: 7 | C109: a | D109: VALENTINA GALLARDO. VICENTE MELENDEZ. ANTONELLA SUAZO.
A110: ESCUELA SAN FRANCISCO DE ASIS | B110: 7 | C110: b | D110: SAYEN FAUNDEZ.FLORENCIA PUENTES. RODRIGO VEGA. MATÍAS BUSTOS. VICENTE MARTINEZ. CRISTHOFER ARAVENA. SOFÍA PARRA. JOSEFA MUÑOZ.
A111: ESCUELA SAN FRANCISCO DE ASIS | B111: 6 | C111: a | D111: JOSEFA SALAZAR. MAXIMO MEZA. MARTÍN COLLAZOS. AGUSTÍN ASTETE.
A112: ESCUELA SAN FRANCISCO DE ASIS | B112: 6 | C112: b | D112: DANITZA MENDOZA. ANDRES ROA. ESTELA LIZAMA
... A125: Escuela Particular Melecia Tocornal | B125: 7 | C125: a | D125: ANALIA CACERES. MAITE JORQUERA.
A126: Escuela Particular Melecia Tocornal | B126: 6 | C126: a
A127: Escuela Particular Melecia Tocornal | B127: 5 | C127: a | D127: JOSÉ MARÍA ALPIRY. CONSTANZA BRIONES.
A128: Escuela Particular Melecia Tocornal | B128: 4 | C128: a | D128: ELIAL GONZALEZ. FERNANDO DONOSO.
A129: Escuela Municipal Zuniga | B129: 7 | C129: a | D129: JUAN STAY. DAVID ROJAS. BENJAMÍN GÓMEZ. JOAN MERCADO. CKEYMI BUSTOS. VICTOR MARCIAL. EMILIA CORNEJO. VICENTE MUÑOZ.
A130: Escuela Municipal Zuniga | B130: 6 | C130: a | D130: FERNANDO ESPINOZA. STEFANY SUAREZ. BELÉN MARTINEZ. JOSEFA GODOY.
A131: Escuela Municipal Zuniga | B131: 5 | C131: a | D131: ANTONELLA TORO. FRANCISCA SEPÚLVEDA. RODOLFO VALENZUELA. HERNÁN ORELLANA. EZEQUIEL MARTÍNEZ.
A132: Escuela Municipal Zuniga | B132: 4 | C132: a | D132: CHRISTOPHER DINAMARCA. INARI TARKOWSKI. MAILY BARBA.
A133: Colegio Particular Subv. Children School | B133: 7 | C133: a | D133: ABGEL PONCE. FLORENCIA VALDÉS. ANTONELLA CASTRO. MAITE SÁNCHEZ.
A134: Colegio Particular Subv. Children School | B134: 6 | C134: a | D134: MARTÍN IBARRA. GREYS COLILAF. AMANDA VERA. SEBASTIÁN MAVARES. MARTÍN CARRASCO.
A135: Colegio Particular Subv. Children School | B135: 5 | C135: a | D135: POLO CAVIERES. SANTIAGO CARRASCO. GASPAR MELLADO. ALEJANDRO OSORIO.TOMÁS ZAMORANO. ROCIO ACUÑA. MATÍAS BUSTAMANTE.
A136: Colegio Particular Subv. Children School | B136: 4 | C136: a | D136: JARDY VACA. FELIPE VILCHES. ANAÍS PINO.
A137: ESCUELA BASICA MARCOS GOOYCOLEA CORTES | B137: 7 | C137: a | D137: LUIS VELASCO. EMMA VILLA. DILAN DINAMARCA.JHOSMAR GUEVARA.
A138: Colegio Instituto San Luis de Curacaví | B138: 6 | C138: a | D138: MAITE LEON. YEICO LEON. AGUSTÍN MENA. LEONOR ESCOBAR. MARTÍN ZAVALA.ISABELLA OSSES.
... A191: Colegio Particular Whipple School | B191: 7 | C191: b | D191: CELESTE LLANOS. LUCIANO CARMONA. NASSILO MOSCOSO.
A192: Colegio Particular Whipple School | B192: 6 | C192: a
A193: Colegio Particular Whipple School | B193: 6 | C193: b | D193: MATIAS ORTÍZ. MATÍAS CUEVAS. ANNIE LEBRUN. MAURICIO HUAMÁN.
A194: Colegio Particular Whipple School | B194: 5 | C194: a | D194: ALVARO RUIZ. MAXIMILIANO SALAS. APRIL DIAZ. NOELIA SANCHEZ. CRISTOPHER TELLES. SIMÓN BURGOS. AIIRYS CAVIERES.
A195: Colegio Particular Whipple School | B195: 4 | C195: a | D195: LUCIANO QUINTERO. EMILIANO QUIROZ. JOAQUIN ALDIVIO. JOSÉ PARRAGUEZ.
A196: Colegio Whipple School Oriente | B196: 4 | C196: a | D196: ABRAHAM MOÑATE. ANAIS PACHECO. IGNACIO ZAILEN. AGATHA PEREZ.
A197: Colegio Whipple School Oriente | B197: 7 | C197: b | D197: ISMAEL VALDES. AGUSTÍN LEIVA.
A198: Colegio Whipple School Oriente | B198: 4 | C198: b | D198: DEMIAN ALVARADO. FLORENCIA LOPEZ. ISIDORA MATUS. LUIS ZUÑIGA. ALAN MENDOZA. ALICE GUERRA. PABLO LOPEZ. ANAIS FLORES.
A199: Colegio Whipple School Oriente | B199: 6 | C199: a | D199: SAMUEL TREJOS. CRISTIANO SHEPIOMA. SAMUEL CORTEZ. CELESTE SANDREZ. ARIANNA ACOSTA. AGUSTÍN MUÑOZ.
A200: Colegio Whipple School Oriente | B200: 5 | C200: b | D200: CASSIEL NUÑEZ. HECTOR ACOSTA. ISIDORA ORREGO. MERETH AYALA.AGUSTIN GODILLA.
A201: Colegio Whipple School Oriente | B201: 5 | C201: a | D201: PAZ BUCAREY. AGUSTIN GARCÍA. DARLYN TORREGÓN. ADELAIDO CARACA. RENATO GONZALEZ. ANTONIA ARAVENA.
A202: Colegio Whipple School Oriente | B202: 7 | C202: a | D202: ALFONSO PINO. SIMON PEREZ. SALVADOR SHAPRAMA. BAYRON ESPINOZA. ANA HORMAZABAL.
A203: Esc. Adriana Aranguiz Cerda | B203: 4 | C203: a | D203: MAXIMO AMIGO. MAITE SOTELO. CAMILO JIMENEZ. VALENTINA FUENTES.
A204: Esc. Adriana Aranguiz Cerda | B204: 5 | C204: a | D204: MATIAS DIAZ. FERNANDA ORTEGA. DARIEL VENEGAS. ANTONIA GUAJARDO.
... A223: ESCUELA BASICA F-N°738 LOS RULOS | B223: 7 | C223: a | D223: JOSÉ ORMEÑO. ERIES LOGEALO. EMILIA CERVERA. FLORENCIA MARTINEZ. EDUARDO NÚÑEZ.
A224: ESCUELA BASICA F-N°738 LOS RULOS | B224: 6 | C224: a
A225: ESCUELA BASICA F-N°738 LOS RULOS | B225: 4 | C225: a | D225: JOSEFA FERNANDEZ. FRANCISCO REYES.
A226: ESCUELA BASICA F-N°738 LOS RULOS | B226: 5 | C226: a
A227: Colegio Alto del Maipo | B227: 4 | C227: a | D227: GABRIEL VICENCIO. MONSERRAT ESPINOZA. RENATO ARAOS. CRISTOBAL VICENCIO. EDWORD NEIRO. ELINA CASTILLO.
A228: Colegio Alto del Maipo | B228: 7 | C228: a | D228: CATALINA CARRASCO. DANIEL SAN MARTÍN. DOMINIQUE ILLANES. SOFIA COLOMA. SARA SANDOVAL.
A229: Colegio Alto del Maipo | B229: 6 | C229: a | D229: AGUSTINA BENITEZ. LUCAS CASTRO. EMILIO MARTINEZ. VICENTE SERRANO. JOSÉ MIGUEL GONZÁLEZ. JOAQUÍN GATICA. SOFÍA OLIVO.
A230: Colegio Alto del Maipo | B230: 5 | C230: a | D230: JESUS RUIZ. RONNIE ANCAHUALA.
A231: Escuela Básica Particular Paicavi de Lampa | B231: 7 | C231: a | D231: NICOLÁS PONCE. ROCÍO LIZANA. JEAN PIERRE GATICA. MAXIMO POZO.
A232: Escuela Básica Particular Paicavi de Lampa | B232: 6 | C232: a | D232: LUIS HIDALGO. JEREMÍAS PINO. EMILIA NORAMBUENA. ANTONELLA LIZANA. JAMS SONG JUH POMA. SEBASTIÁN BUSTAMANTE.
A233: Escuela Básica Particular Paicavi de Lampa | B233: 5 | C233: a | D233: DANIEL CALDERÓN. BENJAMÍN FIGUEROA.
A234: Escuela Básica Particular Paicavi de Lampa | B234: 4 | C234: a | D234: JHOSEPH GARRIDO. DAMIÁN ZÚÑIGA. OSCAR MARTINEZ. ALONSO FUENZALIDA. EMILIANO BUSTOS.
A235: ESCUELA SAN FRANCISCO DE ASIS | B235: 7 | C235: a | D235: FLORENCIA SAZO. ANTONELLA MEJÍAS. MAITE SOTO. ANGEL HIDALGO.
A236: ESCUELA SAN FRANCISCO DE ASIS | B236: 6 | C236: a | D236: JANIEAH MARGAUX. YOSTIN MONTERO. RAYEN FARIAS. THIAGO MOSQUEINA.
A237: ESCUELA SAN FRANCISCO DE ASIS | B237: 5 | C237: a | D237: MARTÍN PRIETO. JOSUE MORAGA. ISIDORA SAZO. MAXIMILIANO LARAMILLO. FLORENCIA JIMENES. MATEO PEREIRA. LIAN CARVAJAL. JAVIER VARGAS.
A238: ESCUELA SAN FRANCISCO DE ASIS | B238: 4 | C238: a | D238: TANIA GOMEZ. THIAGO CARPIO.
A239: ESCUELA BASICA G-N°733 CHOROMBO BAJO | B239: 4 | C239: a
A240: ESCUELA BASICA G-N°733 CHOROMBO BAJO | B240: 5 | C240: a | D240: MAXIMA PEREZ. SEBASTIÁN MEZA. JUAN NUÑEZ.
A241: ESCUELA BASICA G-N°733 CHOROMBO BAJO | B241: 6 | C241: a | D241: FLORENCIA ZÚÑIGA.
...

Sheet SIN CONSENTIMIENTO
A1: nom_est | B1: curso | C1: letra | D1: FOLIO
A2: ANDALIEN DE COLINA | B2: 7 | C2: b | D2: 102022 | E2: 102018 | F2: 102003 | G2: 102006
A3: ESCUELA BASICA SANTA MARTA DE LIRAY | B3: 4 | C3: a | D3: 451017 | E3: SIN FOLIO (43) | F3: 451047 | G3: 451052
A4: Colegio San José de Cabrero | B4: 5 | C4: a | D4: 261086
A5: Colegio Inmaculada Concepcion | B5: 5 | C5: b | D5: 181094 | E5: 181098 | F5: 181148
A6: ESCUELA PREMIO NOBEL PABLO NERUDA | B6: 6 | C6: c | D6: 532081 | E6: 532072 | F6: 532069 | G6: 532083 | H6: 532064
A7: ESCUELA PREMIO NOBEL PABLO NERUDA | B7: 7 | C7: a | D7: 532111 | E7: 532103 | F7: 612
A8: Colegio Santa Claudia | B8: 5 | C8: a | D8: SIN FOLIO (673) | E8: SIN FOLIO (674)
A9: LICEO ESMERALDA | B9: 4 | C9: a | D9: 601005
A10: Colegio Particular Whipple School | B10: 7 | C10: b | D10: SIN FOLIO (746)
A11: ESCUELA BASICA SAN VICENTE DE LO ARCAYA | B11: 5 | C11: a | D11: 441045
A12: ESCUELA BASICA SAN VICENTE DE LO ARCAYA | B12: 7 | C12: a | D12: SIN FOLIO (829)
A13: LICEO MUNICIPAL F-N°860 | B13: 4 | C13: a | D13: 631056 | E13: 631049 | F13: 631031
A14: ESCUELA BASICA F-N°738 LOS RULOS | B14: 6 | C14: a | D14: 372028 | E14: 372043
A15: Escuela Básica Particular Paicavi de Lampa | B15: 6 | C15: a | D15: SIN FOLIO (923)
A16: Escuela Básica Particular Paicavi de Lampa | B16: 4 | C16: a | D16: SIN FOLIO (930)
A17: ESCUELA SAN FRANCISCO DE ASIS | B17: 5 | C17: a | D17: 541019
A18: ESCUELA BASICA G-N°737 SANTA EMILIA | B18: 4 | C18: a | D18: 401011
A19: Colegio San Manuel | B19: 6 | C19: a | D19: 272020
A20: ESCUELA BASICA MARCOS GOOYCOLEA CORTES | B20: 7 | C20: b | D20: 422098
A21: ESCUELA BASICA ALGARROBAL | B21: 6 | C21: a | D21: SIN FOLIO (1033)

Sheet CASO RARO
A1: FOLIO | D1: ESCUELA
A2: 261094 | B2: DATOS TACHADOS | D2: Colegio Whipple School Oriente | E2: Cursos completos sin folios, recomiendo revisar
A3: 261114 | B3: DATOS TACHADOS | E3: 4 | F3: a
A4: 562069 | B4: NO HAY PÁGINA INICIAL | E4: 4 | F4: b
A5: SIN FOLIO (784) | B5: NO HAY PÁGINA INICIAL | E5: 5 | F5: b
A6: SIN FOLIO (785) | B6: NO HAY PÁGINA INICIAL
A7: SIN FOLIO (786) | B7: NO HAY PÁGINA INICIAL
A8: 632051 | B8: SE RAYA TODA LA PÁGINA INICIAL Y RESPONDE TODO IGUAL
A9: SIN FOLIO (1007) | B9: NO SE ENTIENDE EL NOMBRE.
