Workbook

Sheet Hoja1
A1: folio | B1: rbd | C1: region | D1: nom_est | E1: curso | F1: letra | G1: Nombre final | H1: rut final | I1: dv | J1: Forma que toca linea intermedia | K1: Tipo | L1: Tipo de formulario | M1: Sexo | N1: folio_ | O1: sexo_
A2: 101001 | B2: 10404 | C2: 13 | D2: Andalien de Colina | E2: 4 | F2: A | G2: Flores Duarte Paz Valentina | H2: 25245963 | I2: 4 | J2: A | K2: Cont | L2: 4-5_A_Cont | M2: =LOOKUP(A2,N1:O8378,O1:O8378) -> Mujer | N2: 101004 | O2: Mujer
A3: 101002 | B3: 10404 | C3: 13 | D3: Andalien de Colina | E3: 4 | F3: A | G3: Rocha Rodriguez Adiek | H3: 25189710 | I3: 7 | J3: B | K3: Cont | L3: 4-5_B_Cont | M3: =LOOKUP(A3,N1:O8378,O1:O8378) -> Hombre | N3: 102002 | O3: Mujer
A4: 101003 | B4: 10404 | C4: 13 | D4: Andalien de Colina | E4: 4 | F4: A | G4: Giovani Williams | H4: 24828357 | I4: 2 | J4: B | K4: Cont | L4: 4-5_B_Cont | M4: =LOOKUP(A4,N1:O8378,O1:O8378) -> Hombre | N4: 102003 | O4: Hombre
A5: 101004 | B5: 10404 | C5: 13 | D5: Andalien de Colina | E5: 4 | F5: A | G5: Rivera Jimenez Anthonella Paz | H5: 25129418 | I5: 6 | J5: B | K5: Cont | L5: 4-5_B_Cont | M5: =LOOKUP(A5,N1:O8378,O1:O8378) -> Mujer | N5: 102004 | O5: Hombre
A6: 101005 | B6: 10404 | C6: 13 | D6: Andalien de Colina | E6: 4 | F6: A | G6: Muñoz Paredes Agustin Ignacio | H6: 24978837 | I6: 6 | J6: B | K6: Cont | L6: 4-5_B_Cont | M6: =LOOKUP(A6,N1:O8378,O1:O8378) -> Hombre | N6: 102005 | O6: Prefiero no decir
A7: 101006 | B7: 10404 | C7: 13 | D7: Andalien de Colina | E7: 4 | F7: A | G7: Hurtado Balladares Angia Alejandra | H7: 25229789 | I7: 8 | J7: B | K7: Cont | L7: 4-5_B_Cont | M7: =LOOKUP(A7,N1:O8378,O1:O8378) -> Mujer | N7: 102006 | O7: Hombre
A8: 101007 | B8: 10404 | C8: 13 | D8: Andalien de Colina | E8: 4 | F8: A | G8: Barria Sazo Analiz Esperanza | H8: 25223316 | I8: 4 | J8: B | K8: Cont | L8: 4-5_B_Cont | M8: =LOOKUP(A8,N1:O8378,O1:O8378) -> Mujer | N8: 102007 | O8: Prefiero no decir
A9: 101008 | B9: 10404 | C9: 13 | D9: Andalien de Colina | E9: 4 | F9: A | G9: Milla Restepo Dalis Alejandra | H9: 24732787 | I9: 8 | J9: A | K9: Cont | L9: 4-5_A_Cont | M9: =LOOKUP(A9,N1:O8378,O1:O8378) -> Mujer | N9: 102008 | O9: Mujer
A10: 101009 | B10: 10404 | C10: 13 | D10: Andalien de Colina | E10: 4 | F10: A | G10: Contreras Manzano Santino Leon | H10: 25243943 | I10: 9 | J10: A | K10: Cont | L10: 4-5_A_Cont | M10: =LOOKUP(A10,N1:O8378,O1:O8378) -> Hombre | N10: 102009 | O10: Mujer
A11: 101010 | B11: 10404 | C11: 13 | D11: Andalien de Colina | E11: 4 | F11: A | G11: Gonzalez Isabella Pascale | H11: 25117403 | I11: 8 | J11: A | K11: Cont | L11: 4-5_A_Cont | M11: =LOOKUP(A11,N1:O8378,O1:O8378) -> Mujer | N11: 102010 | O11: Mujer
A12: 101011 | B12: 10404 | C12: 13 | D12: Andalien de Colina | E12: 4 | F12: A | G12: Riquelme Torres Raul Tomas | H12: 25253746 | I12: 5 | J12: B | K12: Cont | L12: 4-5_B_Cont | M12: =LOOKUP(A12,N1:O8378,O1:O8378) -> Hombre | N12: 102011 | O12: Hombre
A13: 101012 | B13: 10404 | C13: 13 | D13: Andalien de Colina | E13: 4 | F13: A | G13: Molinna Lopez Eliseo Daniel | H13: 25216423 | I13: 5 | J13: B | K13: Cont | L13: 4-5_B_Cont | M13: =LOOKUP(A13,N1:O8378,O1:O8378) -> Hombre | N13: 102012 | O13: Mujer
A14: 101013 | B14: 10404 | C14: 13 | D14: Andalien de Colina | E14: 4 | F14: A | G14: Manriquez Sofia Marian | H14: 24980672 | I14: 2 | J14: A | K14: Cont | L14: 4-5_A_Cont | M14: =LOOKUP(A14,N1:O8378,O1:O8378) -> Mujer | N14: 102013 | O14: Hombre
A15: 101014 | B15: 10404 | C15: 13 | D15: Andalien de Colina | E15: 4 | F15: A | G15: Moran Muñoz Valentin Paz | H15: 25297520 | I15: 5 | J15: A | K15: Cont | L15: 4-5_A_Cont | M15: =LOOKUP(A15,N1:O8378,O1:O8378) -> Mujer | N15: 102014 | O15: Hombre
A16: 101015 | B16: 10404 | C16: 13 | D16: Andalien de Colina | E16: 4 | F16: A | G16: Oyace Airton | H16: 25252572 | I16: 6 | J16: B | K16: Cont | L16: 4-5_B_Cont | M16: =LOOKUP(A16,N1:O8378,O1:O8378) -> Hombre | N16: 102015 | O16: Hombre
A17: 101016 | B17: 10404 | C17: 13 | D17: Andalien de Colina | E17: 4 | F17: A | G17: Millalen Jara Josefa Antonia | H17: 25261202 | I17: 1 | J17: B | K17: Cont | L17: 4-5_B_Cont | M17: =LOOKUP(A17,N1:O8378,O1:O8378) -> Mujer | N17: 102016 | O17: Hombre
A18: 101017 | B18: 10404 | C18: 13 | D18: Andalien de Colina | E18: 4 | F18: A | G18: Morales Facundo | H18: 24172051 | I18: 7 | J18: A | K18: Cont | L18: 4-5_A_Cont | M18: =LOOKUP(A18,N1:O8378,O1:O8378) -> Hombre | N18: 102017 | O18: Mujer
A19: 101018 | B19: 10404 | C19: 13 | D19: Andalien de Colina | E19: 4 | F19: A | G19: Vargas Cancino Julieta Magdalena | H19: 25288649 | I19: 4 | J19: A | K19: Cont | L19: 4-5_A_Cont | M19: =LOOKUP(A19,N1:O8378,O1:O8378) -> Mujer | N19: 102018 | O19: Hombre
A20: 101019 | B20: 10404 | C20: 13 | D20: Andalien de Colina | E20: 4 | F20: A | G20: Salgado Nova Julian Ignacio | H20: 25256566 | I20: 3 | J20: A | K20: Cont | L20: 4-5_A_Cont | M20: =LOOKUP(A20,N1:O8378,O1:O8378) -> Hombre | N20: 102019 | O20: Mujer
A21: 101020 | B21: 10404 | C21: 13 | D21: Andalien de Colina | E21: 4 | F21: A | G21: Espinoza Hernandez Javier | H21: 25169495 | I21: 8 | J21: B | K21: Cont | L21: 4-5_B_Cont | M21: =LOOKUP(A21,N1:O8378,O1:O8378) -> Hombre | N21: 102020 | O21: Mujer
A22: 101021 | B22: 10404 | C22: 13 | D22: Andalien de Colina | E22: 4 | F22: A | G22: Quiroz Oyarzun Pascale Valentina | H22: 25217300 | I22: 5 | J22: A | K22: Cont | L22: 4-5_A_Cont | M22: =LOOKUP(A22,N1:O8378,O1:O8378) -> Mujer | N22: 102021 | O22: Mujer
A23: 101022 | B23: 10404 | C23: 13 | D23: Andalien de Colina | E23: 4 | F23: A | G23: Leon Lucas | H23: 27866177 | I23: 6 | J23: B | K23: Cont | L23: 4-5_B_Cont | M23: =LOOKUP(A23,N1:O8378,O1:O8378) -> Hombre | N23: 102022 | O23: Hombre
A24: 101023 | B24: 10404 | C24: 13 | D24: Andalien de Colina | E24: 4 | F24: A | G24: Medina Bueno Mariel Isidora | H24: 25241923 | I24: 3 | J24: B | K24: Cont | L24: 4-5_B_Cont | M24: =LOOKUP(A24,N1:O8378,O1:O8378) -> Mujer | N24: 102023 | O24: Hombre
A25: 101024 | B25: 10404 | C25: 13 | D25: Andalien de Colina | E25: 4 | F25: A | G25: Sepulveda Perez Yasmin Yanira | H25: 224553759 | I25: k | J25: B | K25: Cont | L25: 4-5_B_Cont | M25: =LOOKUP(A25,N1:O8378,O1:O8378) -> Mujer | N25: 102024 | O25: Hombre
A26: 101025 | B26: 10404 | C26: 13 | D26: Andalien de Colina | E26: 4 | F26: A | G26: Padilla Heider Rodrigo | H26: 25460737 | I26: 1 | J26: B | K26: Cont | L26: 4-5_B_Cont | M26: =LOOKUP(A26,N1:O8378,O1:O8378) -> Prefiero no decir | N26: 102025 | O26: Hombre
A27: 101026 | B27: 10404 | C27: 13 | D27: Andalien de Colina | E27: 4 | F27: A | G27: Navarro Espinoza Isabella | H27: 25080190 | I27: 4 | J27: A | K27: Cont | L27: 4-5_A_Cont | M27: =LOOKUP(A27,N1:O8378,O1:O8378) -> Prefiero no decir | N27: 102026 | O27: Hombre
A28: 101027 | B28: 10404 | C28: 13 | D28: Andalien de Colina | E28: 4 | F28: A | G28: Muñoz Altamirano Agustina Margarita | H28: 25200343 | I28: 6 | J28: A | K28: Cont | L28: 4-5_A_Cont | M28: =LOOKUP(A28,N1:O8378,O1:O8378) -> Mujer | N28: 102027 | O28: Hombre
A29: 101028 | B29: 10404 | C29: 13 | D29: Andalien de Colina | E29: 4 | F29: A | G29: Lovera Perez Tiffanny Isabella | H29: 100373455 | I29: 9 | J29: B | K29: Cont | L29: 4-5_B_Cont | M29: =LOOKUP(A29,N1:O8378,O1:O8378) -> Mujer | N29: 102028 | O29: Hombre
A30: 101029 | B30: 10404 | C30: 13 | D30: Andalien de Colina | E30: 4 | F30: A | G30: Payacan Millaleo Ailen | H30: 25247159 | I30: 6 | J30: A | K30: Cont | L30: 4-5_A_Cont | M30: =LOOKUP(A30,N1:O8378,O1:O8378) -> Mujer | N30: 102029 | O30: Prefiero no decir
A31: 101030 | B31: 10404 | C31: 13 | D31: Andalien de Colina | E31: 4 | F31: A | G31: Alvares Lobo Mayte Catalina | H31: 24987584 | I31: 8 | J31: B | K31: Cont | L31: 4-5_B_Cont | M31: =LOOKUP(A31,N1:O8378,O1:O8378) -> Mujer | N31: 102030 | O31: Hombre
A32: 101031 | B32: 10404 | C32: 13 | D32: Andalien de Colina | E32: 4 | F32: A | G32: Padilla Jeremy | H32: 25460733 | I32: 9 | J32: A | K32: Cont | L32: 4-5_A_Cont | M32: =LOOKUP(A32,N1:O8378,O1:O8378) -> Hombre | N32: 102031 | O32: Mujer
A33: 101032 | B33: 10404 | C33: 13 | D33: Andalien de Colina | E33: 4 | F33: A | G33: Duarte Alvez Thiago Samir | H33: 25028831 | I33: k | J33: A | K33: Cont | L33: 4-5_A_Cont | M33: =LOOKUP(A33,N1:O8378,O1:O8378) -> Hombre | N33: 102032 | O33: Hombre
A34: 101033 | B34: 10404 | C34: 13 | D34: Andalien de Colina | E34: 4 | F34: A | G34: Villeggas Milovan | H34: 25122688 | I34: 1 | J34: B | K34: Cont | L34: 4-5_B_Cont | M34: =LOOKUP(A34,N1:O8378,O1:O8378) -> Hombre | N34: 102033 | O34: Mujer
A35: 101034 | B35: 10404 | C35: 13 | D35: Andalien de Colina | E35: 5 | F35: A | G35: Gutierrez Martin Jesus | H35: 24239677 | I35: 4 | J35: A | K35: Cont | L35: 4-5_A_Cont | M35: =LOOKUP(A35,N1:O8378,O1:O8378) -> Hombre | N35: 102034 | O35: Mujer
A36: 101035 | B36: 10404 | C36: 13 | D36: Andalien de Colina | E36: 5 | F36: A | G36: Morales Villalobos Dana Isabela | H36: 100425530 | I36: 1 | J36: B | K36: Cont | L36: 4-5_B_Cont | M36: =LOOKUP(A36,N1:O8378,O1:O8378) -> Mujer | N36: 102035 | O36: Mujer
A37: 101036 | B37: 10404 | C37: 13 | D37: Andalien de Colina | E37: 5 | F37: A | G37: Jorquera Urzua Cristobal Alexander | H37: 24197598 | I37: 3 | J37: A | K37: Cont | L37: 4-5_A_Cont | M37: =LOOKUP(A37,N1:O8378,O1:O8378) -> Hombre | N37: 102036 | O37: Hombre
A38: 101037 | B38: 10404 | C38: 13 | D38: Andalien de Colina | E38: 5 | F38: A | G38: Sofia | H38: 24891175 | I38: 1 | J38: B | K38: Cont | L38: 4-5_B_Cont | M38: =LOOKUP(A38,N1:O8378,O1:O8378) -> Mujer | N38: 102037 | O38: Hombre
A39: 101038 | B39: 10404 | C39: 13 | D39: Andalien de Colina | E39: 5 | F39: A | G39: Tapia Pere Javier | H39: 24556555 | I39: 0 | J39: B | K39: Cont | L39: 4-5_B_Cont | M39: =LOOKUP(A39,N1:O8378,O1:O8378) -> Hombre | N39: 102038 | O39: Mujer
A40: 101039 | B40: 10404 | C40: 13 | D40: Andalien de Colina | E40: 5 | F40: A | G40: Melillan Jeanpaul | H40: 24907474 | I40: 8 | J40: B | K40: Cont | L40: 4-5_B_Cont | M40: =LOOKUP(A40,N1:O8378,O1:O8378) -> Hombre | N40: 102039 | O40: Mujer
A41: 101040 | B41: 10404 | C41: 13 | D41: Andalien de Colina | E41: 5 | F41: A | G41: Marie de la Cruz Darek | H41: 25446173 | I41: 7 | J41: A | K41: Cont | L41: 4-5_A_Cont | M41: =LOOKUP(A41,N1:O8378,O1:O8378) -> Hombre | N41: 102040 | O41: Hombre
A42: 101041 | B42: 10404 | C42: 13 | D42: Andalien de Colina | E42: 5 | F42: A | G42: Avalos Carrillo Vicente Samir | H42: 24692280 | I42: 2 | J42: A | K42: Cont | L42: 4-5_A_Cont | M42: =LOOKUP(A42,N1:O8378,O1:O8378) -> Hombre | N42: 102041 | O42: Hombre
A43: 101042 | B43: 10404 | C43: 13 | D43: Andalien de Colina | E43: 5 | F43: A | G43: Betancourt Carlos Manuel | H43: 100589904 | I43: 0 | J43: A | K43: Cont | L43: 4-5_A_Cont | M43: =LOOKUP(A43,N1:O8378,O1:O8378) -> Hombre | N43: 102042 | O43: Hombre
A44: 101043 | B44: 10404 | C44: 13 | D44: Andalien de Colina | E44: 5 | F44: A | G44: Cano Gana Rene Rodrigo | H44: 26240481 | I44: 1 | J44: A | K44: Cont | L44: 4-5_A_Cont | M44: =LOOKUP(A44,N1:O8378,O1:O8378) -> Hombre | N44: 102043 | O44: Hombre
A45: 101044 | B45: 10404 | C45: 13 | D45: Andalien de Colina | E45: 5 | F45: A | G45: Escudero Godoy Benjamin | H45: 24920755 | I45: 1 | J45: B | K45: Cont | L45: 4-5_B_Cont | M45: =LOOKUP(A45,N1:O8378,O1:O8378) -> Hombre | N45: 102044 | O45: Hombre
A46: 101045 | B46: 10404 | C46: 13 | D46: Andalien de Colina | E46: 5 | F46: A | G46: Fuentes Barros Sofia Jasmin | H46: 24602548 | I46: 7 | J46: A | K46: Cont | L46: 4-5_A_Cont | M46: =LOOKUP(A46,N1:O8378,O1:O8378) -> Mujer | N46: 102045 | O46: Mujer
A47: 101046 | B47: 10404 | C47: 13 | D47: Andalien de Colina | E47: 5 | F47: A | G47: Arrue Carrasco Baltazar Andres | H47: 24752151 | I47: 8 | J47: B | K47: Cont | L47: 4-5_B_Cont | M47: =LOOKUP(A47,N1:O8378,O1:O8378) -> Hombre | N47: 102046 | O47: Hombre
A48: 101047 | B48: 10404 | C48: 13 | D48: Andalien de Colina | E48: 5 | F48: A | G48: Pincheira Perez Leona | H48: 24765494 | I48: 1 | J48: A | K48: Cont | L48: 4-5_A_Cont | M48: =LOOKUP(A48,N1:O8378,O1:O8378) -> Prefiero no decir | N48: 102047 | O48: Mujer
A49: 101048 | B49: 10404 | C49: 13 | D49: Andalien de Colina | E49: 5 | F49: A | G49: Salgado Emilia | H49: 24933173 | I49: 2 | J49: A | K49: Cont | L49: 4-5_A_Cont | M49: =LOOKUP(A49,N1:O8378,O1:O8378) -> Mujer | N49: 102048 | O49: Hombre
A50: 101049 | B50: 10404 | C50: 13 | D50: Andalien de Colina | E50: 5 | F50: A | G50: Yail | H50: 24715230 | I50: k | J50: A | K50: Cont | L50: 4-5_A_Cont | M50: =LOOKUP(A50,N1:O8378,O1:O8378) -> Hombre | N50: 102049 | O50: Hombre
A51: 101050 | B51: 10404 | C51: 13 | D51: Andalien de Colina | E51: 5 | F51: A | G51: Cordero Bairon | H51: 24427964 | I51: 3 | J51: A | K51: Cont | L51: 4-5_A_Cont | M51: =LOOKUP(A51,N1:O8378,O1:O8378) -> Hombre | N51: 102050 | O51: Mujer
A52: 101051 | B52: 10404 | C52: 13 | D52: Andalien de Colina | E52: 5 | F52: A | G52: Castillo Mariapaz Antonia | H52: 24889129 | I52: 7 | J52: A | K52: Cont | L52: 4-5_A_Cont | M52: =LOOKUP(A52,N1:O8378,O1:O8378) -> Mujer | N52: 102051 | O52: Mujer
A53: 101052 | B53: 10404 | C53: 13 | D53: Andalien de Colina | E53: 5 | F53: A | G53: Gutierrez Solis Colomba | H53: 24804039 | I53: 4 | J53: B | K53: Cont | L53: 4-5_B_Cont | M53: =LOOKUP(A53,N1:O8378,O1:O8378) -> Mujer | N53: 102052 | O53: Hombre
A54: 101053 | B54: 10404 | C54: 13 | D54: Andalien de Colina | E54: 5 | F54: A | G54: Cardenas Alexis | H54: 25900595 | I54: 7 | J54: B | K54: Cont | L54: 4-5_B_Cont | M54: =LOOKUP(A54,N1:O8378,O1:O8378) -> Hombre | N54: 102053 | O54: Hombre
A55: 101054 | B55: 10404 | C55: 13 | D55: Andalien de Colina | E55: 5 | F55: A | G55: Guillermo Emilio | H55: 24839645 | I55: 8 | J55: B | K55: Cont | L55: 4-5_B_Cont | M55: =LOOKUP(A55,N1:O8378,O1:O8378) -> Hombre | N55: 102054 | O55: Hombre
A56: 101055 | B56: 10404 | C56: 13 | D56: Andalien de Colina | E56: 5 | F56: A | G56: Alarcon Vicente | H56: 24631885 | I56: 9 | J56: B | K56: Cont | L56: 4-5_B_Cont | M56: =LOOKUP(A56,N1:O8378,O1:O8378) -> Hombre | N56: 102055 | O56: Mujer
A57: 101056 | B57: 10404 | C57: 13 | D57: Andalien de Colina | E57: 5 | F57: A | G57: Alva Nuñes Serji Tomas | H57: 24508422 | I57: 6 | J57: B | K57: Cont | L57: 4-5_B_Cont | M57: =LOOKUP(A57,N1:O8378,O1:O8378) -> Hombre | N57: 102056 | O57: Mujer
A58: 101057 | B58: 10404 | C58: 13 | D58: Andalien de Colina | E58: 5 | F58: A | G58: Cruzatt Kiara | H58: 24677058 | I58: 1 | J58: B | K58: Cont | L58: 4-5_B_Cont | M58: =LOOKUP(A58,N1:O8378,O1:O8378) -> Mujer | N58: 102057 | O58: Hombre
A59: 101058 | B59: 10404 | C59: 13 | D59: Andalien de Colina | E59: 5 | F59: A | G59: Herrera Oriane Akemi | H59: 25649508 | I59: 2 | J59: B | K59: Cont | L59: 4-5_B_Cont | M59: =LOOKUP(A59,N1:O8378,O1:O8378) -> Mujer | N59: 102058 | O59: Mujer
A60: 101059 | B60: 10404 | C60: 13 | D60: Andalien de Colina | E60: 5 | F60: A | G60: Gajardo Venegas Aaron | H60: 24759067 | I60: 6 | J60: B | K60: Cont | L60: 4-5_B_Cont | M60: =LOOKUP(A60,N1:O8378,O1:O8378) -> Hombre | N60: 102059 | O60: Hombre
A61: 101060 | B61: 10404 | C61: 13 | D61: Andalien de Colina | E61: 5 | F61: A | G61: Lopez Vasquez Piero Alexander | H61: 26732758 | I61: 0 | J61: B | K61: Cont | L61: 4-5_B_Cont | M61: =LOOKUP(A61,N1:O8378,O1:O8378) -> Hombre | N61: 102060 | O61: Mujer
A62: 101061 | B62: 10404 | C62: 13 | D62: Andalien de Colina | E62: 5 | F62: A | G62: Araya Jaime Alberto | H62: 25416239 | I62: 6 | J62: B | K62: Cont | L62: 4-5_B_Cont | M62: =LOOKUP(A62,N1:O8378,O1:O8378) -> Hombre | N62: 102061 | O62: Hombre
A63: 101062 | B63: 10404 | C63: 13 | D63: Andalien de Colina | E63: 5 | F63: A | G63: Duran Muñoz Martina Isidora | H63: 24811921 | I63: 7 | J63: A | K63: Cont | L63: 4-5_A_Cont | M63: =LOOKUP(A63,N1:O8378,O1:O8378) -> Mujer | N63: 102062 | O63: Hombre
A64: 101063 | B64: 10404 | C64: 13 | D64: Andalien de Colina | E64: 5 | F64: A | G64: Espinoza Mark | H64: 24806503 | I64: 6 | J64: B | K64: Cont | L64: 4-5_B_Cont | M64: =LOOKUP(A64,N1:O8378,O1:O8378) -> Hombre | N64: 102063 | O64: Hombre
A65: 101064 | B65: 10404 | C65: 13 | D65: Andalien de Colina | E65: 5 | F65: A | G65: Alva Alvarez Dayron | H65: 24838059 | I65: 4 | J65: B | K65: Cont | L65: 4-5_B_Cont | M65: =LOOKUP(A65,N1:O8378,O1:O8378) -> Hombre | N65: 102064 | O65: Hombre
A66: 101065 | B66: 10404 | C66: 13 | D66: Andalien de Colina | E66: 5 | F66: A | G66: Silva Catalina Fernanda | H66: 24914936 | I66: 5 | J66: A | K66: Cont | L66: 4-5_A_Cont | M66: =LOOKUP(A66,N1:O8378,O1:O8378) -> Mujer | N66: 102065 | O66: Mujer
A67: 101066 | B67: 10404 | C67: 13 | D67: Andalien de Colina | E67: 5 | F67: A | G67: Rodriguez Erick Gustavo | H67: 24773864 | I67: 9 | J67: A | K67: Cont | L67: 4-5_A_Cont | M67: =LOOKUP(A67,N1:O8378,O1:O8378) -> Hombre | N67: 102066 | O67: Mujer
A68: 101067 | B68: 10404 | C68: 13 | D68: Andalien de Colina | E68: 5 | F68: B | G68: Opazo Vergara Gaspar Emiliano | H68: 24716127 | I68: 9 | J68: A | K68: Cont | L68: 4-5_A_Cont | M68: =LOOKUP(A68,N1:O8378,O1:O8378) -> Hombre | N68: 102067 | O68: Hombre
A69: 101068 | B69: 10404 | C69: 13 | D69: Andalien de Colina | E69: 5 | F69: B | G69: Salgado Lecaros Evolet Alennis | H69: 24320100 | I69: 4 | J69: A | K69: Cont | L69: 4-5_A_Cont | M69: =LOOKUP(A69,N1:O8378,O1:O8378) -> Mujer | N69: 102068 | O69: Mujer
A70: 101069 | B70: 10404 | C70: 13 | D70: Andalien de Colina | E70: 5 | F70: B | G70: Araya Alondra | H70: 25443963 | I70: 0 | J70: B | K70: Cont | L70: 4-5_B_Cont | M70: =LOOKUP(A70,N1:O8378,O1:O8378) -> Mujer | N70: 102069 | O70: Hombre
A71: 101070 | B71: 10404 | C71: 13 | D71: Andalien de Colina | E71: 5 | F71: B | G71: Moya Estrada Mayra Valentina | H71: 24784281 | I71: 0 | J71: B | K71: Cont | L71: 4-5_B_Cont | M71: =LOOKUP(A71,N1:O8378,O1:O8378) -> Mujer | N71: 102070 | O71: Mujer
A72: 101071 | B72: 10404 | C72: 13 | D72: Andalien de Colina | E72: 5 | F72: B | G72: Ibarra Hernandez Alonso | H72: 24733845 | I72: 4 | J72: A | K72: Cont | L72: 4-5_A_Cont | M72: =LOOKUP(A72,N1:O8378,O1:O8378) -> Hombre | N72: 102071 | O72: Hombre
A73: 101072 | B73: 10404 | C73: 13 | D73: Andalien de Colina | E73: 5 | F73: B | G73: Riquelme Anelisse Gabriela | H73: 24678638 | I73: 0 | J73: A | K73: Cont | L73: 4-5_A_Cont | M73: =LOOKUP(A73,N1:O8378,O1:O8378) -> Mujer | N73: 102072 | O73: Mujer
A74: 101073 | B74: 10404 | C74: 13 | D74: Andalien de Colina | E74: 5 | F74: B | G74: Escobar Paris Trinidad Isidora | H74: 24641149 | I74: 2 | J74: A | K74: Cont | L74: 4-5_A_Cont | M74: =LOOKUP(A74,N1:O8378,O1:O8378) -> Mujer | N74: 102073 | O74: Hombre
A75: 101074 | B75: 10404 | C75: 13 | D75: Andalien de Colina | E75: 5 | F75: B | G75: Yañez Sazo Ashley Estefania | H75: 24773872 | I75: k | J75: B | K75: Cont | L75: 4-5_B_Cont | M75: =LOOKUP(A75,N1:O8378,O1:O8378) -> Mujer | N75: 102074 | O75: Hombre
A76: 101075 | B76: 10404 | C76: 13 | D76: Andalien de Colina | E76: 5 | F76: B | G76: Venegas Darling Antonella | H76: 24751707 | I76: 3 | J76: B | K76: Cont | L76: 4-5_B_Cont | M76: =LOOKUP(A76,N1:O8378,O1:O8378) -> Mujer | N76: 102075 | O76: Mujer
A77: 101076 | B77: 10404 | C77: 13 | D77: Andalien de Colina | E77: 5 | F77: B | G77: Soza Daniel | H77: 24464116 | I77: 4 | J77: B | K77: Cont | L77: 4-5_B_Cont | M77: =LOOKUP(A77,N1:O8378,O1:O8378) -> Hombre | N77: 102076 | O77: Hombre
A78: 101077 | B78: 10404 | C78: 13 | D78: Andalien de Colina | E78: 5 | F78: B | G78: Jeria Maite | H78: 24205983 | I78: 2 | J78: B | K78: Cont | L78: 4-5_B_Cont | M78: =LOOKUP(A78,N1:O8378,O1:O8378) -> Mujer | N78: 102077 | O78: Hombre
A79: 101078 | B79: 10404 | C79: 13 | D79: Andalien de Colina | E79: 5 | F79: B | G79: Rogers Sazo Samantha Amy | H79: 24590530 | I79: 0 | J79: A | K79: Cont | L79: 4-5_A_Cont | M79: =LOOKUP(A79,N1:O8378,O1:O8378) -> Mujer | N79: 102078 | O79: Hombre
A80: 101079 | B80: 10404 | C80: 13 | D80: Andalien de Colina | E80: 5 | F80: B | G80: Melo Jordan | H80: 24880668 | I80: 0 | J80: A | K80: Cont | L80: 4-5_A_Cont | M80: =LOOKUP(A80,N1:O8378,O1:O8378) -> Hombre | N80: 102079 | O80: Hombre
A81: 101080 | B81: 10404 | C81: 13 | D81: Andalien de Colina | E81: 5 | F81: B | G81: Sanchez Berrios Agustin Leonardo | H81: 204800048 | I81: 1 | J81: A | K81: Cont | L81: 4-5_A_Cont | M81: =LOOKUP(A81,N1:O8378,O1:O8378) -> Hombre | N81: 102080 | O81: Mujer
A82: 101081 | B82: 10404 | C82: 13 | D82: Andalien de Colina | E82: 5 | F82: B | G82: Marchant Emilia Aylen | H82: 224881606 | I82: 6 | J82: A | K82: Cont | L82: 4-5_A_Cont | M82: =LOOKUP(A82,N1:O8378,O1:O8378) -> Mujer | N82: 102081 | O82: Mujer
A83: 101082 | B83: 10404 | C83: 13 | D83: Andalien de Colina | E83: 5 | F83: B | G83: Naranjo Burgos Sebastian Ignacio | H83: 24793719 | I83: 6 | J83: A | K83: Cont | L83: 4-5_A_Cont | M83: =LOOKUP(A83,N1:O8378,O1:O8378) -> Hombre | N83: 102082 | O83: Mujer
A84: 101083 | B84: 10404 | C84: 13 | D84: Andalien de Colina | E84: 5 | F84: B | G84: Gonzalez Zurita Richard | H84: 100591753 | I84: 7 | J84: A | K84: Cont | L84: 4-5_A_Cont | M84: =LOOKUP(A84,N1:O8378,O1:O8378) -> Hombre | N84: 102083 | O84: Hombre
A85: 101084 | B85: 10404 | C85: 13 | D85: Andalien de Colina | E85: 5 | F85: B | G85: Sazo Araya Mia Solange | H85: 24776133 | I85: 6 | J85: A | K85: Cont | L85: 4-5_A_Cont | M85: =LOOKUP(A85,N1:O8378,O1:O8378) -> Mujer | N85: 102084 | O85: Hombre
A86: 101085 | B86: 10404 | C86: 13 | D86: Andalien de Colina | E86: 5 | F86: B | G86: Moreno Augusto | H86: 24577388 | I86: 9 | J86: A | K86: Cont | L86: 4-5_A_Cont | M86: =LOOKUP(A86,N1:O8378,O1:O8378) -> Hombre | N86: 102085 | O86: Mujer
A87: 101086 | B87: 10404 | C87: 13 | D87: Andalien de Colina | E87: 5 | F87: B | G87: Contreras Arling Isidora | H87: 24849733 | I87: 5 | J87: B | K87: Cont | L87: 4-5_B_Cont | M87: =LOOKUP(A87,N1:O8378,O1:O8378) -> Mujer | N87: 102086 | O87: Hombre
A88: 101087 | B88: 10404 | C88: 13 | D88: Andalien de Colina | E88: 5 | F88: B | G88: Hernandez Valentina Renata | H88: 24810821 | I88: 5 | J88: A | K88: Cont | L88: 4-5_A_Cont | M88: =LOOKUP(A88,N1:O8378,O1:O8378) -> Mujer | N88: 102087 | O88: Mujer
A89: 101088 | B89: 10404 | C89: 13 | D89: Andalien de Colina | E89: 5 | F89: B | G89: Diaz Rojas Nicolas Alexander | H89: 24881346 | I89: 6 | J89: A | K89: Cont | L89: 4-5_A_Cont | M89: =LOOKUP(A89,N1:O8378,O1:O8378) -> Hombre | N89: 102088 | O89: Hombre
A90: 101089 | B90: 10404 | C90: 13 | D90: Andalien de Colina | E90: 5 | F90: B | G90: Montiel Arce Rafaela Ignacia | H90: 24722536 | I90: 6 | J90: A | K90: Cont | L90: 4-5_A_Cont | M90: =LOOKUP(A90,N1:O8378,O1:O8378) -> Mujer | N90: 102089 | O90: Mujer
A91: 101090 | B91: 10404 | C91: 13 | D91: Andalien de Colina | E91: 5 | F91: B | G91: Leyton Palacios Martina Isidora | H91: 24703581 | I91: 8 | J91: A | K91: Cont | L91: 4-5_A_Cont | M91: =LOOKUP(A91,N1:O8378,O1:O8378) -> Mujer | N91: 102090 | O91: Hombre
A92: 101100 | B92: 10404 | C92: 13 | D92: Andalien de Colina | E92: 5 | F92: B | G92: Gonzalez Ruiz Maximiliano Efrain | H92: 24897600 | I92: 4 | J92: A | K92: Cont | L92: 4-5_A_Cont | M92: =LOOKUP(A92,N1:O8378,O1:O8378) -> Hombre | N92: 102091 | O92: Mujer
A93: 101101 | B93: 10404 | C93: 13 | D93: Andalien de Colina | E93: 5 | F93: B | G93: Menardes Sofia | H93: 24723370 | I93: 9 | J93: A | K93: Cont | L93: 4-5_A_Cont | M93: =LOOKUP(A93,N1:O8378,O1:O8378) -> Mujer | N93: 102092 | O93: Mujer
A94: 101102 | B94: 10404 | C94: 13 | D94: Andalien de Colina | E94: 5 | F94: B | G94: Fuentes Huilcaleo Isidora Belen | H94: 24795948 | I94: 3 | J94: B | K94: Cont | L94: 4-5_B_Cont | M94: =LOOKUP(A94,N1:O8378,O1:O8378) -> Mujer | N94: 102093 | O94: Hombre
A95: 101103 | B95: 10404 | C95: 13 | D95: Andalien de Colina | E95: 5 | F95: B | G95: Vega Perez Victor Josue | H95: 24617321 | I95: 4 | J95: A | K95: Cont | L95: 4-5_A_Cont | M95: =LOOKUP(A95,N1:O8378,O1:O8378) -> Hombre | N95: 102094 | O95: Hombre
A96: 101104 | B96: 10404 | C96: 13 | D96: Andalien de Colina | E96: 5 | F96: B | G96: Hevia Vergara Maite | H96: 24677621 | I96: 0 | J96: B | K96: Cont | L96: 4-5_B_Cont | M96: =LOOKUP(A96,N1:O8378,O1:O8378) -> Mujer | N96: 102095 | O96: Mujer
A97: 101105 | B97: 10404 | C97: 13 | D97: Andalien de Colina | E97: 5 | F97: B | G97: Lopez Cruzat Emilia Carolina | H97: 24733097 | I97: 6 | J97: A | K97: Cont | L97: 4-5_A_Cont | M97: =LOOKUP(A97,N1:O8378,O1:O8378) -> Mujer | N97: 102096 | O97: Mujer
A98: 101106 | B98: 10404 | C98: 13 | D98: Andalien de Colina | E98: 5 | F98: B | G98: Sanchez Julieta Emilia | H98: 24828066 | I98: 2 | J98: A | K98: Cont | L98: 4-5_A_Cont | M98: =LOOKUP(A98,N1:O8378,O1:O8378) -> Mujer | N98: 102097 | O98: Hombre
A99: 101107 | B99: 10404 | C99: 13 | D99: Andalien de Colina | E99: 5 | F99: B | G99: Gonzalez Jimenez Jesus Javier | H99: 24927506 | I99: 9 | J99: A | K99: Cont | L99: 4-5_A_Cont | M99: =LOOKUP(A99,N1:O8378,O1:O8378) -> Hombre | N99: 102098 | O99: Hombre
A100: 101108 | B100: 10404 | C100: 13 | D100: Andalien de Colina | E100: 5 | F100: B | G100: Montenegro Quezada Bastian Andres | H100: 24681386 | I100: 8 | J100: A | K100: Cont | L100: 4-5_A_Cont | M100: =LOOKUP(A100,N1:O8378,O1:O8378) -> Hombre | N100: 102099 | O100: Hombre
...

Sheet Sheet 1
A1: Table 1
A2: folio | B2: sexo
A3: 101004 | B3: Mujer | C3: 101004 | D3: Mujer
A4: 102002 | B4: Mujer
A5: 102003 | B5: Hombre
A6: 102004 | B6: Hombre
A7: 102005 | B7: Prefiero no decir
A8: 102006 | B8: Hombre
A9: 102007 | B9: Prefiero no decir
A10: 102008 | B10: Mujer
A11: 102009 | B11: Mujer
A12: 102010 | B12: Mujer
A13: 102011 | B13: Hombre
A14: 102012 | B14: Mujer
A15: 102013 | B15: Hombre
... A8379: 631061 | B8379: Mujer

Sheet Tabla dinámica 1 - Tabla dinámi
A1: Tabla dinámica 1
A2: Forma que toca linea intermedia | B2: Forma que toca linea intermedia
A3: curso | B3: A | C3: B | D3: Grand Total
A4: 4 | B4: 1047 | C4: 1036 | D4: 2083
A5: 5 | B5: 1039 | C5: 1035 | D5: 2074
A6: 6 | B6: 1104 | C6: 1037 | D6: 2141
A7: 7 | B7: 1025 | C7: 1053 | D7: 2078
A8: Grand Total | B8: 4215 | C8: 4161 | D8: 8376

Sheet Tabla dinámica 1 - Table 1
E3: =GETPIVOTDATA("Count of folio",'Tabla dinámica 1 - Tabla dinámi'!A2,"Forma que toca linea intermedia","A","curso",4)*0.1 -> 104.7 | F3: =GETPIVOTDATA("Count of folio",'Tabla dinámica 1 - Tabla dinámi'!A2,"Forma que toca linea intermedia","A","curso",4)*0.1 -> 104.7
E4: =GETPIVOTDATA("Count of folio",'Tabla dinámica 1 - Tabla dinámi'!A2,"Forma que toca linea intermedia","A","curso",5)*0.1 -> 103.9 | F4: =GETPIVOTDATA("Count of folio",'Tabla dinámica 1 - Tabla dinámi'!A2,"Forma que toca linea intermedia","A","curso",5)*0.1 -> 103.9
E5: =GETPIVOTDATA("Count of folio",'Tabla dinámica 1 - Tabla dinámi'!A2,"Forma que toca linea intermedia","A","curso",6)*0.1 -> 110.4 | F5: =GETPIVOTDATA("Count of folio",'Tabla dinámica 1 - Tabla dinámi'!A2,"Forma que toca linea intermedia","A","curso",6)*0.1 -> 110.4
E6: =GETPIVOTDATA("Count of folio",'Tabla dinámica 1 - Tabla dinámi'!A2,"Forma que toca linea intermedia","A","curso",7)*0.1 -> 102.5 | F6: =GETPIVOTDATA("Count of folio",'Tabla dinámica 1 - Tabla dinámi'!A2,"Forma que toca linea intermedia","A","curso",7)*0.1 -> 102.5
D12: 4-5 A | E12: =SUM(E3:E4) -> 208.6
D13: 4-5 B | E13: =SUM(F3:F4) -> 208.6
D14: 6-7 A | E14: =SUM(E5:E6) -> 212.9
D15: 6-7 B | E15: =SUM(F5:F6) -> 212.9
